Workbook

Sheet 发射纪录
A1: 总数 | B1: 长征 | C1: 其他 | D1: 火箭 | E1: 遥号 | F1: 载荷 | G1: 日期 | H1: 时间 （UTC+8） | I1: 轨道 | J1: 地点 | K1: 工位 | L1: 同地相 隔日数 | M1: 同箭相 隔日数 | N1: 结果 | O1: 备注
A2: 1 | B2: 1 | C2: - | D2: 长征一号 | E2: 遥4 | F2: 东方红一号卫星 | G2: 25682 | H2: 21时35分44.7秒 | I2: 椭圆轨道 | J2: 酒泉 | K2: 5020 | N2: 成功
A3: 2 | B3: 2 | C3: - | D3: 长征一号 | F3: 实践一号 | G3: 25995 | H3: 20时03分 | I3: 椭圆轨道 | J3: 酒泉 | K3: 5020 | L3: 313 | M3: 313 | N3: 成功
A4: 3 | B4: - | C4: 1 | D4: 风暴一号 | E4: 2703X | F4: 长空一号电子侦察卫星 | G4: 26925 | H4: 20时12分 | I4: 近地轨道 | J4: 酒泉 | K4: 138 | L4: 930 | N4: 失败
A5: 4 | B5: - | C5: 2 | D5: 风暴一号 | F5: 长空一号电子侦察卫星 | G5: 27222 | H5: 21时55分 | I5: 近地轨道 | J5: 酒泉 | K5: 138 | L5: 297 | M5: 297 | N5: 失败
A6: 5 | B6: 3 | C6: - | D6: 长征二号 | E6: 遥3 | F6: 尖兵一号国土普查卫星00星 | G6: 27338 | H6: 17时40分 | I6: 近地轨道 | J6: 酒泉 | K6: 138 | L6: 116 | N6: 失败
A7: 6 | B7: - | C7: 3 | D7: 风暴一号 | F7: 长空一号电子侦察卫星 | G7: 27601 | H7: 21时30分 | I7: 近地轨道 | J7: 酒泉 | K7: 138 | L7: 263 | M7: 379 | N7: 成功
A8: 7 | B8: 4 | C8: - | D8: 长征二号甲 | E8: 遥4 | F8: 尖兵一号国土普查卫星01星 | G8: 27724 | H8: 11时29分52秒 | I8: 近地轨道 | J8: 酒泉 | K8: 138 | L8: =G8-G7 -> 123 | N8: 成功
A9: 8 | B9: - | C9: 4 | D9: 风暴一号 | F9: 长空一号电子侦察卫星 | G9: 27744 | H9: 17时21分 | I9: 近地轨道 | J9: 酒泉 | K9: 138 | L9: 20 | M9: 143 | N9: 成功
A10: 9 | B10: - | C10: 5 | D10: 风暴一号 | F10: 长空一号电子侦察卫星 | G10: 28002 | H10: 19时45分 | I10: 近地轨道 | J10: 酒泉 | K10: 138 | L10: 258 | M10: 258 | N10: 成功
A11: 10 | B11: - | C11: 6 | D11: 风暴一号 | F11: 长空一号电子侦察卫星 | G11: 28074 | H11: 17时05分 | I11: 近地轨道 | J11: 酒泉 | K11: 138 | L11: 72 | M11: 72 | N11: 失败
A12: 11 | B12: 5 | C12: - | D12: 长征二号甲 | E12: 遥5 | F12: 尖兵一号国土普查卫星02星 | G12: 28101 | H12: 12时38分 | I12: 近地轨道 | J12: 酒泉 | K12: 138 | L12: 27 | M12: 377 | N12: 成功
A13: 12 | B13: 6 | C13: - | D13: 长征二号甲 | E13: 遥6 | F13: 尖兵一号国土普查卫星03星 | G13: 28516 | H13: 12时58分 | I13: 近地轨道 | J13: 酒泉 | K13: 138 | L13: 415 | M13: 415 | N13: 成功
A14: 13 | B14: - | C14: 7 | D14: 风暴一号 | E14: 8701 | F14: 实践二号,实践二号甲,实践二号乙 | G14: 29064 | H14: 05时28分 | I14: 近地轨道 | J14: 酒泉 | K14: 138 | L14: 548 | M14: 990 | N14: 失败
A15: 14 | B15: - | C15: 8 | D15: 风暴一号 | E15: 1802 | F15: 实践二号 | G15: 29849 | H15: 05时28分39.857秒 | I15: 近地轨道 | J15: 酒泉 | K15: 138 | L15: 785 | M15: 785 | N15: 成功
A16: 15 | B16: 7 | C16: - | D16: 长征二号丙 | E16: 遥1 | F16: 尖兵一号国土普查卫星04星 | G16: 30203 | H16: 15时19分 | I16: 近地轨道 | J16: 酒泉 | K16: 138 | L16: 354 | N16: 成功
A17: 16 | B17: 8 | C17: - | D17: 长征二号丙 | E17: 遥2 | F17: 尖兵一号国土普查卫星05星 | G17: 30547 | H17: 14时00分 | I17: 近地轨道 | J17: 酒泉 | K17: 138 | L17: 344 | M17: 344 | N17: 成功
A18: 17 | B18: 9 | C18: - | D18: 长征三号 | E18: 遥1 | F18: 东方红二号试验通信卫星 | G18: 30710 | H18: 20时25分 | I18: 地球同步转移轨道 | J18: 西昌 | K18: 3 | N18: 部分成功
A19: 18 | B19: 10 | C19: - | D19: 长征三号 | E19: 遥2 | F19: 东方红二号试验通信卫星 | G19: 30780 | H19: 19时20分02秒 | I19: 地球同步转移轨道 | J19: 西昌 | K19: 3 | L19: 70 | M19: 70 | N19: 成功
A20: 19 | B20: 11 | C20: - | D20: 长征二号丙 | E20: 遥3 | F20: 尖兵一号国土普查卫星06星 | G20: 30937 | H20: 13时44分 | I20: 近地轨道 | J20: 酒泉 | K20: 138 | L20: 390 | M20: 390 | N20: 成功
A21: 20 | B21: 12 | C21: - | D21: 长征二号丙 | E21: 遥4 | F21: 尖兵一号国土普查卫星07星 | G21: 31341 | H21: 13时04分 | I21: 近地轨道 | J21: 酒泉 | K21: 138 | L21: 404 | M21: 404 | N21: 成功
A22: 21 | B22: 13 | C22: - | D22: 长征三号 | E22: 遥3 | F22: 东方红二号通信卫星 | G22: 31444 | H22: 20时36分 | I22: 地球同步转移轨道 | J22: 西昌 | K22: 3 | L22: 664 | M22: 664 | N22: 成功
A23: 22 | B23: 14 | C23: - | D23: 长征二号丙 | E23: 遥5 | F23: 尖兵一号国土普查卫星08星 | G23: 31691 | H23: 13时40分 | I23: 近地轨道 | J23: 酒泉 | K23: 138 | L23: 350 | M23: 350 | N23: 成功
A24: 23 | B24: 15 | C24: - | D24: 长征二号丙 | E24: 遥6 | F24: 尖兵一号国土普查卫星09星 | G24: 31994 | H24: 15时39分(UTC+9) | I24: 近地轨道 | J24: 酒泉 | K24: 138 | L24: 303 | M24: 303 | N24: 成功
A25: 24 | B25: 16 | C25: - | D25: 长征二号丙 | E25: 遥7 | F25: 尖兵一号甲摄影测绘卫星01星 | G25: 32029 | H25: 16时15分(UTC+9) | I25: 近地轨道 | J25: 酒泉 | K25: 138 | L25: 35 | M25: 35 | N25: 成功
A26: 25 | B26: 17 | C26: - | D26: 长征三号 | E26: 遥4 | F26: 东方红二号甲通信卫星 | G26: 32209 | H26: 20时41分 | I26: 地球同步转移轨道 | J26: 西昌 | K26: 3 | L26: 765 | M26: 765 | N26: 成功
A27: 26 | B27: 18 | C27: - | D27: 长征二号丙 | E27: 遥8 | F27: 尖兵一号甲摄影测绘卫星02星 | G27: 32360 | H27: 16时28分35秒(UTC+9) | I27: 近地轨道 | J27: 酒泉 | K27: 138 | L27: 331 | M27: 331 | N27: 成功
A28: 27 | B28: 19 | C28: - | D28: 长征四号甲 | E28: 遥1 | F28: 风云一号A(01) | G28: 32393 | H28: 05时30分19秒(UTC+9) | I28: 太阳同步轨道 | J28: 太原 | K28: 7 | N28: 成功
A29: 28 | B29: 20 | C29: - | D29: 长征三号 | E29: 遥5 | F29: 中星2 | G29: 32499 | H29: 20时40分 | I29: 地球同步转移轨道 | J29: 西昌 | K29: 3 | L29: 290 | M29: 290 | N29: 成功
A30: 29 | B30: 21 | C30: - | D30: 长征三号 | E30: 遥6 | F30: 中星3 | G30: 32908 | H30: 20时27分03秒 | I30: 地球同步转移轨道 | J30: 西昌 | K30: 3 | L30: 409 | M30: 409 | N30: 成功
A31: 30 | B31: 22 | C31: - | D31: 长征三号 | E31: 遥7 | F31: 亚卫一号通信卫星 | G31: 32970 | H31: 21时30分02.281秒 | I31: 地球同步转移轨道 | J31: 西昌 | K31: 3 | L31: 62 | M31: 62 | N31: 成功
A32: 31 | B32: 23 | C32: - | D32: 长征二号捆 | E32: 遥1 | F32: 巴达尔A科学实验卫星 | G32: 33070 | H32: 09时40分(UTC+9) | I32: 椭圆轨道 | J32: 西昌 | K32: 2 | L32: 100 | N32: 成功
A33: 32 | B33: 24 | C33: - | D33: 长征四号甲 | E33: 遥2 | F33: 风云一号B(02) | G33: 33119 | H33: 09时53分(UTC+9) | I33: 太阳同步轨道 | J33: 太原 | K33: 7 | L33: 726 | M33: 726 | N33: 成功
A34: 33 | B34: 25 | C34: - | D34: 长征二号丙 | E34: 遥9 | F34: 返回式遥感1号03 | G34: 33151 | H34: 14时15分 | I34: 近地轨道 | J34: 酒泉 | K34: 138 | L34: 791 | M34: 791 | N34: 成功
A35: 34 | B35: 26 | C35: - | D35: 长征三号 | E35: 遥9 | F35: 中星4 | G35: 33600 | H35: 20时02分 | I35: 地球同步转移轨道 | J35: 西昌 | K35: 3 | L35: 530 | M35: 630 | N35: 失败
A36: - | B36: - | C36: - | D36: 长征二号捆 | E36: 遥2 | F36: 澳星B1通信卫星 | G36: 33685 | H36: 18时40分 | I36: 椭圆轨道 | J36: 西昌 | K36: 2 | L36: 85 | M36: 615 | N36: 中止
A37: 35 | B37: 27 | C37: - | D37: 长征二号丁 | E37: 遥1 | F37: 返回式遥感2号01 | G37: 33825 | H37: 16时00分 | I37: 近地轨道 | J37: 酒泉 | K37: 138 | L37: 674 | N37: 成功
A38: 36 | B38: 28 | C38: - | D38: 长征二号捆 | E38: 遥3 | F38: 澳星B1通信卫星 | G38: 33830 | H38: 07时00分 | I38: 椭圆轨道 | J38: 西昌 | K38: 2 | L38: 145 | M38: 145 | N38: 成功
A39: 37 | B39: 29 | C39: - | D39: 长征二号丙 | E39: 遥10 | F39: 返回式遥感1号04 | G39: 33883 | H39: 14时20分05秒 | I39: 近地轨道 | J39: 酒泉 | K39: 138 | L39: 58 | M39: 732 | N39: 成功
A40: 38 | B40: 30 | C40: - | D40: 长征二号捆 | E40: 遥4 | F40: 澳星B2通信卫星 | G40: 33959 | H40: 19时20分05.466秒 | I40: 椭圆轨道 | J40: 西昌 | K40: 2 | L40: 129 | M40: 129 | N40: 部分成功
A41: 39 | B41: 31 | C41: - | D41: 长征二号丙 | E41: 遥11 | F41: 返回式遥感1号05 | G41: 34250 | H41: 16时00分 | I41: 近地轨道 | J41: 酒泉 | K41: 138 | L41: 367 | M41: 367 | N41: 成功
A42: 40 | B42: 32 | C42: - | D42: 长征三号甲 | E42: 遥1 | F42: 实践四号 | G42: 34373 | H42: 16时33分53秒 | I42: 高椭圆轨道 | J42: 西昌 | K42: 2 | L42: 414 | N42: 成功
A43: 41 | B43: 33 | C43: - | D43: 长征二号丁 | E43: 遥2 | F43: 返回式遥感2号02 | G43: 34518 | H43: 16时00分 | I43: 近地轨道 | J43: 酒泉 | K43: 138 | L43: 268 | M43: 693 | N43: 成功
A44: 42 | B44: 34 | C44: - | D44: 长征三号 | E44: 遥8 | F44: 中星5E | G44: 34536 | H44: 18时31分 | I44: 地球同步转移轨道 | J44: 西昌 | K44: 3 | L44: 163 | M44: 936 | N44: 成功
A45: 43 | B45: 35 | C45: - | D45: 长征二号捆 | E45: 遥5 | F45: 澳星B3通信卫星 | G45: 34574 | H45: 07时10分 | I45: 椭圆轨道 | J45: 西昌 | K45: 2 | L45: 38 | M45: 615 | N45: 成功
A46: 44 | B46: 36 | C46: - | D46: 长征三号甲 | E46: 遥2 | F46: 东方红三号通信卫星01星 | G46: 34668 | H46: 01时02分 | I46: 地球同步转移轨道 | J46: 西昌 | K46: 2 | L46: 94 | M46: 295 | N46: 成功
A47: 45 | B47: 37 | C47: - | D47: 长征二号捆 | E47: 遥6 | F47: 亚太二号 | G47: 34725 | H47: 06时40分 | I47: 椭圆轨道 | J47: 西昌 | K47: 2 | L47: 57 | M47: 151 | N47: 失败
A48: 46 | B48: 38 | C48: - | D48: 长征二号捆 | E48: 遥7 | F48: 亚卫二号通信卫星 | G48: 35031 | H48: 19时30分05秒 | I48: 地球同步转移轨道 | J48: 西昌 | K48: 2 | L48: 306 | M48: 306 | N48: 成功
A49: 47 | B49: 39 | C49: - | D49: 长征二号捆 | E49: 遥8 | F49: 艾科斯达一号通信卫星 | G49: 35061 | H49: 19时50分 | I49: 地球同步转移轨道 | J49: 西昌 | K49: 2 | L49: 30 | M49: 30 | N49: 成功
A50: 48 | B50: 40 | C50: - | D50: 长征三号乙 | E50: 遥1 | F50: 国际通信卫星七号A08星 | G50: 35110 | H50: 03时01分07秒171毫秒 | I50: 地球同步转移轨道 | J50: 西昌 | K50: 2 | L50: 49 | N50: 失败
A51: 49 | B51: 41 | C51: - | D51: 长征三号 | E51: 遥10 | F51: 中星5D | G51: 35249 | H51: 18时47分 | I51: 地球同步转移轨道 | J51: 西昌 | K51: 3 | L51: 139 | M51: 713 | N51: 成功
A52: 50 | B52: 42 | C52: - | D52: 长征三号 | E52: 遥14 | F52: 中星7 | G52: 35295 | H52: 18时27分 | I52: 地球同步转移轨道 | J52: 西昌 | K52: 3 | L52: 46 | M52: 46 | N52: 失败
A53: 51 | B53: 43 | C53: - | D53: 长征二号丁 | E53: 遥3 | F53: 返回式遥感2号03 | G53: 35358 | H53: 15时20分 | I53: 近地轨道 | J53: 酒泉 | K53: 138 | L53: 840 | M53: 840 | N53: 成功
A54: 52 | B54: 44 | C54: - | D54: 长征三号甲 | E54: 遥3 | F54: 中星6A | G54: 35562 | H54: 00时17分 | I54: 地球同步转移轨道 | J54: 西昌 | K54: 2 | L54: 267 | M54: 894 | N54: 成功
A55: 53 | B55: 45 | C55: - | D55: 长征三号 | E55: 遥11 | F55: 风云二号A(01) | G55: 35591 | H55: 20时01分 | I55: 地球同步转移轨道 | J55: 西昌 | K55: 3 | L55: 29 | M55: 296 | N55: 成功
A56: 54 | B56: 46 | C56: - | D56: 长征三号乙 | E56: 遥2 | F56: 亞洲廣播衛星三号 | G56: 35662 | H56: 01时50分 | I56: 地球同步转移轨道 | J56: 西昌 | K56: 2 | L56: 71 | M56: 552 | N56: 成功
A57: 55 | B57: 47 | C57: - | D57: 长征二号丙 | E57: 遥1 | F57: 铱星模拟卫星A/B | G57: 35674 | H57: 22时00分15.7秒 | I57: 近地轨道 | J57: 太原 | K57: 7 | L57: 2555 | M57: 1424 | N57: 成功 | O57: SD
A58: 56 | B58: 48 | C58: - | D58: 长征三号乙 | E58: 遥3 | F58: 电星十号 | G58: 35720 | H58: 03时13分 | I58: 地球同步转移轨道 | J58: 西昌 | K58: 2 | L58: 58 | M58: 58 | N58: 成功
A59: 57 | B59: 49 | C59: - | D59: 长征二号丙 | E59: 遥2 | F59: 铱42/44号通信卫星 | G59: 35772 | H59: 15时16分49秒 | I59: 近地轨道 | J59: 太原 | K59: 7 | L59: 98 | M59: 98 | N59: 成功 | O59: SD
A60: 58 | B60: 50 | C60: - | D60: 长征二号丙 | E60: 遥3 | F60: 铱51/61号通信卫星 | G60: 35880 | H60: 01时01分06秒 | I60: 近地轨道 | J60: 太原 | K60: 7 | L60: 108 | M60: 108 | N60: 成功 | O60: SD
A61: 59 | B61: 51 | C61: - | D61: 长征二号丙 | E61: 遥4 | F61: 铱69/71号通信卫星 | G61: 35917 | H61: 17时16分53秒 | I61: 近地轨道 | J61: 太原 | K61: 7 | L61: 37 | M61: 37 | N61: 成功 | O61: SD
A62: 60 | B62: 52 | C62: - | D62: 长征三号乙 | E62: 遥5 | F62: 中星5A | G62: 35945 | H62: 18时00分04秒 | I62: 地球同步转移轨道 | J62: 西昌 | K62: 2 | L62: 225 | M62: 225 | N62: 成功
A63: 61 | B63: 53 | C63: - | D63: 长征三号乙 | E63: 遥4 | F63: 中星5B | G63: 35994 | H63: 17时20分 | I63: 地球同步转移轨道 | J63: 西昌 | K63: 2 | L63: 49 | M63: 49 | N63: 成功
A64: 62 | B64: 54 | C64: - | D64: 长征二号丙 | E64: 遥5 | F64: 铱76/78号通信卫星 | G64: 36027 | H64: 07时01分46秒 | I64: 近地轨道 | J64: 太原 | K64: 7 | L64: 110 | M64: 110 | N64: 成功 | O64: SD
A65: 63 | B65: 55 | C65: - | D65: 长征二号丙 | E65: 遥6 | F65: 铱88/89号通信卫星 | G65: 36148 | H65: 19时39分43.801秒 | I65: 近地轨道 | J65: 太原 | K65: 7 | L65: 121 | M65: 121 | N65: 成功 | O65: SD
A66: 64 | B66: 56 | C66: - | D66: 长征四号乙 | E66: 遥2 | F66: 风云一号C(03),实践五号 | G66: 36290 | H66: 09时33分00.755秒 | I66: 太阳同步轨道 | J66: 太原 | K66: 7 | L66: 142 | N66: 成功
A67: 65 | B67: 57 | C67: - | D67: 长征二号丙 | E67: 遥7 | F67: 铱92/93号通信卫星 | G67: 36323 | H67: 01时15分33秒 | I67: 近地轨道 | J67: 太原 | K67: 7 | L67: 33 | M67: 175 | N67: 成功 | O67: SD
A68: 66 | B68: 58 | C68: - | D68: 长征四号乙 | E68: 遥1 | F68: 实践三号 | G68: 36447 | H68: 11时16分 | I68: 太阳同步轨道 | J68: 太原 | K68: 7 | L68: 124 | M68: 157 | N68: 成功
A69: 67 | B69: 59 | C69: - | D69: 长征二号己 | E69: 遥1 | F69: 神舟一号试验飞船 | G69: 36484 | H69: 06时30分03.500秒 | I69: 近地轨道 | J69: 酒泉 | K69: 921 | L69: 1126 | N69: 成功
A70: 68 | B70: 60 | C70: - | D70: 长征三号甲 | E70: 遥4 | F70: 中星22 | G70: 36551 | H70: 00时45分05秒 | I70: 地球同步转移轨道 | J70: 西昌 | K70: 2 | L70: 557 | M70: 989 | N70: 成功
A71: 69 | B71: 61 | C71: - | D71: 长征三号 | E71: 遥12 | F71: 风云二号B(02) | G71: 36702 | H71: 19时50分 | I71: 地球同步转移轨道 | J71: 西昌 | K71: 3 | L71: 151 | M71: 1111 | N71: 成功
A72: 70 | B72: 62 | C72: - | D72: 长征四号乙 | E72: 遥3 | F72: 资源二号01 | G72: 36770 | H72: 11时25分 | I72: 太阳同步轨道 | J72: 太原 | K72: 7 | L72: 323 | M72: 323 | N72: 成功
A73: 71 | B73: 63 | C73: - | D73: 长征三号甲 | E73: 遥5 | F73: 北斗一号1A | G73: 36830 | H73: 00时02分 | I73: 地球同步转移轨道 | J73: 西昌 | K73: 2 | L73: 128 | M73: 279 | N73: 成功
A74: 72 | B74: 64 | C74: - | D74: 长征三号甲 | E74: 遥6 | F74: 北斗一号1B | G74: 36881 | H74: 00时20分 | I74: 地球同步转移轨道 | J74: 西昌 | K74: 2 | L74: 51 | M74: 51 | N74: 成功
A75: 73 | B75: 65 | C75: - | D75: 长征二号己 | E75: 遥2 | F75: 神舟二号试验飞船 | G75: 36901 | H75: 01时00分03.561秒 | I75: 近地轨道 | J75: 酒泉 | K75: 921 | L75: 417 | M75: 417 | N75: 成功
A76: 74 | B76: 66 | C76: - | D76: 长征二号己 | E76: 遥3 | F76: 神舟三号试验飞船 | G76: 37340 | H76: 22时15分03.544秒 | I76: 近地轨道 | J76: 酒泉 | K76: 921 | L76: 439 | M76: 439 | N76: 成功
A77: 75 | B77: 67 | C77: - | D77: 长征四号乙 | E77: 遥5 | F77: 风云一号D(04),海洋一号A | G77: 37391 | H77: 09时50分 | I77: 太阳同步轨道 | J77: 太原 | K77: 7 | L77: 621 | M77: 621 | N77: 成功
A78: 76 | B78: - | C78: 9 | D78: 开拓者一号 | E78: 遥1 | F78: 开拓一号皮卫星01星 | G78: 37514 | H78: 10时30分 | I78: 极地轨道 | J78: 太原 | K78: 1 | L78: 123 | N78: 失败
A79: 77 | B79: 68 | C79: - | D79: 长征四号乙 | E79: 遥6 | F79: 资源二号02 | G79: 37556 | H79: 11时17分 | I79: 太阳同步轨道 | J79: 太原 | K79: 7 | L79: 42 | M79: 165 | N79: 成功
A80: 78 | B80: 69 | C80: - | D80: 长征二号己 | E80: 遥4 | F80: 神舟四号试验飞船 | G80: 37620 | H80: 00时40分03.543秒 | I80: 近地轨道 | J80: 酒泉 | K80: 921 | L80: 280 | M80: 280 | N80: 成功
A81: 79 | B81: 70 | C81: - | D81: 长征三号甲 | E81: 遥7 | F81: 北斗一号1C | G81: 37766 | H81: 00时34分04秒 | I81: 地球同步转移轨道 | J81: 西昌 | K81: 2 | L81: 885 | M81: 885 | N81: 成功
A82: 80 | B82: - | C82: 10 | D82: 开拓者一号 | E82: 遥2 | F82: 开拓一号皮卫星02星 | G82: 37880 | I82: 极地轨道 | J82: 太原 | K82: 1 | L82: 324 | M82: 366 | N82: 失败
A83: 81 | B83: 71 | C83: - | D83: 长征二号己 | E83: 遥5 | F83: 神舟五号载人飞船(杨利伟2003年10月16日6时23分成功返回内蒙古四子王旗着陆场) | G83: 37909 | H83: 09时00分03.497秒 | I83: 近地轨道 | J83: 酒泉 | K83: 921 | L83: 289 | M83: 289 | N83: 成功
A84: 82 | B84: 72 | C84: - | D84: 长征四号乙 | E84: 遥4 | F84: 资源一号02A(创新一号) | G84: 37915 | H84: 11时16分 | I84: 太阳同步轨道 | J84: 太原 | K84: 7 | L84: 35 | M84: 359 | N84: 成功
A85: 83 | B85: 73 | C85: - | D85: 长征二号丁 | E85: 遥4 | F85: 返回式遥感3号01 | G85: 37928 | H85: 15时20分04秒 | I85: 近地轨道 | J85: 酒泉 | K85: 94 | L85: 19 | M85: 2570 | N85: 成功
A86: 84 | B86: 74 | C86: - | D86: 长征三号甲 | E86: 遥8 | F86: 中星20 | G86: 37940 | H86: 00时01分 | I86: 地球同步转移轨道 | J86: 西昌 | K86: 2 | L86: 174 | M86: 174 | N86: 成功
A87: 85 | B87: 75 | C87: - | D87: 长征二号丙 | E87: 遥1 | F87: 探测一号卫星 | G87: 37985 | H87: 03时06分18秒 | I87: 高椭圆轨道 | J87: 西昌 | K87: 3 | L87: 45 | M87: 1662 | N87: 成功 | O87: SM
A88: 86 | B88: 76 | C88: - | D88: 长征二号丙 | E88: 遥14 | F88: 试验一号 | G88: 38095 | H88: 23时59分03.521秒 | I88: 太阳同步轨道 | J88: 西昌 | K88: 3 | L88: 110 | M88: 110 | N88: 成功
A89: 87 | B89: 77 | C89: - | D89: 长征二号丙 | E89: 遥2 | F89: 探测二号卫星 | G89: 38193 | H89: 15时05分18秒 | I89: 高橢圓极轨道 | J89: 太原 | K89: 7 | L89: 278 | M89: 98 | N89: 成功 | O89: SM
A90: 88 | B90: 78 | C90: - | D90: 长征二号丙 | E90: 遥12 | F90: 返回式遥感4号01 | G90: 38228 | H90: 15时50分05秒 | I90: 近地轨道 | J90: 酒泉 | K90: 94 | L90: 300 | M90: 35 | N90: 成功
A91: 89 | B91: 79 | C91: - | D91: 长征四号乙 | E91: 遥7 | F91: 实践六号01A/B | G91: 38239 | H91: 07时14分05秒 | I91: 太阳同步轨道 | J91: 太原 | K91: 7 | L91: 46 | M91: 324 | N91: 成功
A92: 90 | B92: 80 | C92: - | D92: 长征二号丁 | E92: 遥5 | F92: 返回式遥感3号02 | G92: 38257 | H92: 16时00分04秒 | I92: 近地轨道 | J92: 酒泉 | K92: 94 | L92: 29 | M92: 329 | N92: 成功
A93: 91 | B93: 81 | C93: - | D93: 长征三号甲 | E93: 遥9 | F93: 风云二号C(03) | G93: 38279 | H93: 09时20分04.635秒 | I93: 地球同步转移轨道 | J93: 西昌 | K93: 2 | L93: 184 | M93: 339 | N93: 成功
A94: 92 | B94: 82 | C94: - | D94: 长征四号乙 | E94: 遥8 | F94: 资源二号03 | G94: 38297 | H94: 11时10分 | I94: 太阳同步轨道 | J94: 太原 | K94: 7 | L94: 58 | M94: 58 | N94: 成功
A95: 93 | B95: 83 | C95: - | D95: 长征二号丙 | E95: 遥15 | F95: 试验二号 | G95: 38309 | H95: 18时45分 | I95: 太阳同步轨道 | J95: 西昌 | K95: 3 | L95: 30 | M95: 81 | N95: 成功
A96: 94 | B96: 84 | C96: - | D96: 长征三号乙 | E96: 遥6 | F96: 亚太六号 | G96: 38454 | H96: 20时00分 | I96: 地球同步转移轨道 | J96: 西昌 | K96: 2 | L96: 145 | M96: 2460 | N96: 成功
A97: 95 | B97: - | C97: 11 | D97: 开拓者一号 | E97: 遥3 | F97: 开拓一号皮卫星03星 | G97: 38512 | I97: 极地轨道 | J97: 太原 | K97: 1 | L97: 215 | M97: 632 | N97: 失败
A98: 96 | B98: 85 | C98: - | D98: 长征二号丁 | E98: 遥6 | F98: 探索二号,实践七号 | G98: 38539 | H98: 06时40分 | I98: 太阳同步轨道 | J98: 酒泉 | K98: 94 | L98: 282 | M98: 282 | N98: 成功
A99: 97 | B99: 86 | C99: - | D99: 长征二号丙 | E99: 遥13 | F99: 返回式遥感4号02 | G99: 38566 | H99: 15时30分02秒 | I99: 近地轨道 | J99: 酒泉 | K99: 94 | L99: 27 | M99: 257 | N99: 成功
A100: 98 | B100: 87 | C100: - | D100: 长征二号丁 | E100: 遥7 | F100: 返回式遥感3号03星 | G100: 38593 | H100: 16时45分04秒 | I100: 近地轨道 | J100: 酒泉 | K100: 94 | L100: 27 | M100: 54 | N100: 成功
...

Sheet 发射预测
A1: =_xlfn.CONCAT("截止",TEXT(TODAY(),"YYYY年MM月DD日"),"：全年成功",年間統計!O60,"/",年間統計!N60,"发射=",IF(年間統計!N60=0,"无发射",TEXT(年間統計!O60/年間統計!N60,"0.00%成功率， ")),MONTH(TODAY()),"月成功",月間統計!O682,"/",月間統計!N682,"发射=",TEXT(月間統計!O682/月間統計!N682,"0.00%成功率")) -> 截止2026年07月06日：全年成功44/47发射=93.62%成功率, 7月成功3/3发射=100.00%成功率 | G1: HYDROPAC /26 BAY OF BENGAL. BURMA/NAVAREA Navigational Warnings
A2: 标色均根据航警！确定日期时间的99.99%可能！范围日期每一天都可能，时间也不确定，甚至取消！ | G2: 楚天一号002-004，楚天二号03,开运二号
A3: 虚线表示其中之一可能！载荷完全瞎猜不需多问！知道的都在此表，没有的就是不知道！
A4: 运载火箭名称（遥号） | B4: 有效载荷名称 | C4: 发射日期（UTC+8） | D4: 发射轨道 | E4: 发射地点
A5: 长征十号乙（遥1） | B5: 星网低轨23(一级回收验证) | C5: 46213 | D5: 近地轨道 | E5: 海南商业航天发射场
C6: 13时20分
A7: 捷龙三号（遥12） | B7: 东方慧眼高光谱01(东方星链05/金山号) | C7: 2026年7月12-15日 | D7: 太阳同步轨道 | E7: 黄海海阳东方航天港号 36.61667N,121.18333E (太原卫星发射中心组织)
B8: 东方慧眼高光谱02(东方星链06/银山号) | C8: 约11时00分
A9: 引力一号（遥3） | B9: 西光贰号01(彩云高光谱01)
A10: 长征七号甲（遥17） | B10: 通信技术试验二十六号B | C10: 2026年7月17-20日 | D10: 地月转移轨道 | E10: 文昌航天发射场
C11: 约20时00分
A12: 长征三号乙（遥118） | B12: 实践三十二号B | C12: 2026年7月23-26日 | D12: 地球同步转移轨道 | E12: 西昌卫星发射中心
C13: 约20时00分
A14: 以下全部待定未定不定，随时变更甚至取消，仅供参考无需关注再问！
A15: 朱雀三号（遥2） | B15: -(一级回收验证) | C15: 46218 | D15: 太阳同步轨道 | E15: 酒泉卫星发射中心
A17: 力箭一号（遥15） | B17: 5星 | C17: 46221 | D17: 太阳同步轨道 | E17: 酒泉卫星发射中心
A19: 长征十二号（遥8） | B19: 星网低轨24A-I | C19: 46223 | D19: 近地轨道 | E19: 海南商业航天发射场
A21: 谷神星一号海（遥8） | B21: 中国移动03 | C21: 46224 | D21: 近地轨道 | E21: 黄海海阳东方航天港号 36.61667N,121.18333E (太原卫星发射中心组织)
A24: 长征二号丁（遥104） | B24: - | C24: 46225 | D24: 太阳同步轨道 | E24: 酒泉卫星发射中心
A26: 长征六号甲（遥27） | B26: 千帆极轨16A-R | C26: 46227 | D26: 极地轨道 | E26: 太原卫星发射中心
A28: 快舟十一号（遥12） | B28: 迪迩六号(B300-L03) 迪迩十一号(B300-F01) | C28: 46229 | D28: 太阳同步轨道 | E28: 酒泉卫星发射中心
A30: 致航一号（遥1） | B30: 首飞 | C30: 46231 | D30: 近地轨道 | E30: 酒泉卫星发射中心
A32: 长征八号甲（遥10） | B32: 千帆极轨14A-Y | C32: 46233 | D32: 近地轨道 | E32: 海南商业航天发射场
A34: 引力一号（遥4） | B34: 锋行一号 西光贰号01(彩云高光谱01) 雄安一号(鸿鹄03号) 东坡13,东坡14(西南财经大学号) 东坡17-20 | C34: 46234 | D34: 近地轨道 | E34: 黄海海阳东方航天港号 36.61667N,121.18333E (太原卫星发射中心组织)
A39: 智神星一号（遥1） | B39: 定制化试验载荷 | C39: 46234 | D39: 太阳同步轨道 | E39: 酒泉卫星发射中心
A41: 力箭一号海（遥1） | B41: 首飞 | C41: 46235 | D41: 近地轨道 | E41: 黄海海阳东方航天港号 36.61667N,121.18333E (太原卫星发射中心组织)
... A76: 长征十号甲（遥1）/立巡一号（遥1） | B76: 首飞 | C76: 46052 | D76: 地月转移轨道 | E76: 文昌航天发射场
B77: 时空基准
A78: 长征十二号海（遥1） | B78: 首飞 | C78: 46052 | D78: 近地轨道 | E78: 黄海海阳东方航天港号 36.61667N,121.18333E (太原卫星发射中心组织)
A81: 长征三号乙（遥118） | B81: 风云四号D | C81: 46052 | D81: 地球同步转移轨道 | E81: 西昌卫星发射中心
A83: 长征四号丙（遥） | B83: 风云三号I | C83: 46387 | D83: 太阳同步轨道 | E83: 西昌卫星发射中心
A85: 元行者一号（遥1） | B85: 首飞 | C85: 46386 | D85: 近地轨道 | E85: 黄海海阳东方航天港号 36.44717°N,121.19633°E (太原卫星发射中心组织)
A88: 赤兔一号（遥1） | B88: 首飞 | C88: 46386 | D88: 太阳同步轨道 | E88: 酒泉卫星发射中心
A90: 腾龙一号（遥1） | B90: 首飞 | C90: 46386 | D90: 太阳同步轨道 | E90: 酒泉卫星发射中心
A92: 星空一号（遥1） | B92: 首飞 | C92: 46386 | D92: 太阳同步轨道 | E92: 酒泉卫星发射中心
A94: 智龙三号（遥1） | B94: 首飞 | C94: 46386 | D94: 太阳同步轨道 | E94: 酒泉卫星发射中心
A96: 长征五号乙（遥） | B96: 空间站巡天光学舱 | C96: 46441 | D96: 近地轨道 | E96: 文昌航天发射场

Sheet 发射时间预测
A1: =HYPERLINK("#火箭年間統計!A2","火箭年間统计") -> 火箭年間统计 | B1: 发射地 | C1: FIR | E1: UTC | J1: UTC+8
C2: Location | D2: Number | E2: Start | F2: End | J2: Start+8 | K2: Diff | L2: 预测发射时间 | M2: 实际发射时间
A3: 长征二号丙 | B3: 酒泉 | C3: ZLHW | E3: 44680.169 | F3: 44680.19 | J3: =E3+TIME(8,0,0) -> 44680.502 | K3: =IF($M$3-J3<0,"-"&TEXT(ABS($M$3-J3),"[hh]:mm:ss"),TEXT($M$3-J3,"[hh]:mm:ss")) -> 00:08:33 | L3: 0 | M3: 44680.508
A4: 长征二号丙 远征一号商 | B4: 酒泉 | C4: ZLHW | E4: 44701.431 | F4: 44701.455 | J4: =E4+TIME(8,0,0) -> 44701.764 | K4: =IF($M$4-J4<0, "-" & TEXT(ABS($M$4-J4),"[hh]:mm:ss"), TEXT($M$4-J4,"[hh]:mm:ss")) -> 00:10:00 | L4: 44701.771 | M4: 44701.771
E5: 44701.432 | F5: 44701.458 | J5: =E5+TIME(8,0,0) -> 44701.765 | K5: =IF($M$4-J5<0, "-" & TEXT(ABS($M$4-J5),"[hh]:mm:ss"), TEXT($M$4-J5,"[hh]:mm:ss")) -> 00:08:00
C6: ZLHW/ZPKM | E6: 44701.433 | F6: 44701.463 | J6: =E6+TIME(8,0,0) -> 44701.766 | K6: =IF($M$4-J6<0, "-" & TEXT(ABS($M$4-J6),"[hh]:mm:ss"), TEXT($M$4-J6,"[hh]:mm:ss")) -> 00:07:00
C7: YMMM | E7: 44701.442 | F7: 44701.501 | J7: =E7+TIME(8,0,0) -> 44701.775 | K7: =IF($M$4-J7<0, "-" & TEXT(ABS($M$4-J7),"[hh]:mm:ss"), TEXT($M$4-J7,"[hh]:mm:ss")) -> -00:06:00
A8: 长征二号丙 | B8: 酒泉 | C8: ZLHW | E8: 44981.162 | F8: 44981.183 | J8: =E8+TIME(8,0,0) -> 44981.496 | K8: =IF($M$8-J8<0, "-" & TEXT(ABS($M$8-J8),"[hh]:mm:ss"), TEXT($M$8-J8,"[hh]:mm:ss")) -> 00:07:00 | L8: 44981.503 | M8: 44981.501
A9: 长征二号丙 | B9: 酒泉 | C9: ZLHW | E9: 44998.162 | F9: 44998.178 | J9: =E9+TIME(8,0,0) -> 44998.495 | K9: =IF($M$9-J9<0, "-" & TEXT(ABS($M$9-J9),"[hh]:mm:ss"), TEXT($M$9-J9,"[hh]:mm:ss")) -> 00:09:00 | L9: 44998.501 | M9: 44998.501
E10: 44998.162 | F10: 44998.184 | J10: =E10+TIME(8,0,0) -> 44998.496 | K10: =IF($M$9-J10<0, "-" & TEXT(ABS($M$9-J10),"[hh]:mm:ss"), TEXT($M$9-J10,"[hh]:mm:ss")) -> 00:08:00
A11: 长征二号丙 | B11: 酒泉 | C11: ZBPE | E11: 45067.326 | F11: 45067.428 | J11: =E11+TIME(8,0,0) -> 45067.66 | K11: =IF($M$11-J11<0, "-" & TEXT(ABS($M$11-J11),"[hh]:mm:ss"), TEXT($M$11-J11,"[hh]:mm:ss")) -> 00:10:00 | L11: 45067.693 | M11: 45067.667
A12: 长征二号丙 远征一号商 | B12: 酒泉 | C12: YMMM | E12: 45116.456 | F12: 45116.522 | J12: =E12+TIME(8,0,0) -> 45116.79 | K12: =IF($M$12-J12<0, "-" & TEXT(ABS($M$12-J12),"[hh]:mm:ss"), TEXT($M$12-J12,"[hh]:mm:ss")) -> 00:03:00 | L12: 45116.811 | M12: 45116.792
A13: 长征二号丙 远征一号商 | B13: 酒泉 | C13: ZLHW | D13: A3609/23 | E13: 45246.159 | F13: 45246.178 | J13: =E13+TIME(8,0,0) -> 45246.492 | K13: =IF($M$13-J13<0, "-" & TEXT(ABS($M$13-J13),"[hh]:mm:ss"), TEXT($M$13-J13,"[hh]:mm:ss")) -> 00:06:00 | L13: 45246.5 | M13: 45246.497
C14: YMMM | D14: F3793/23 | E14: 45246.162 | F14: 45246.187 | J14: =E14+TIME(8,0,0) -> 45246.495 | K14: =IF($M$13-J14<0, "-" & TEXT(ABS($M$13-J14),"[hh]:mm:ss"), TEXT($M$13-J14,"[hh]:mm:ss")) -> 00:02:00
A15: 长征二号丙 | B15: 酒泉 | C15: ZLHW | D15: A3826/23 | E15: 45264.168 | F15: 45264.184 | J15: =E15+TIME(8,0,0) -> 45264.501 | K15: =IF($M$15-J15<0, "-" & TEXT(ABS($M$15-J15),"[hh]:mm:ss"), TEXT($M$15-J15,"[hh]:mm:ss")) -> 00:08:00 | L15: 45264.507 | M15: 45264.507
D16: A3827/23 | E16: 45264.168 | F16: 45264.189 | J16: =E16+TIME(8,0,0) -> 45264.501 | K16: =IF($M$15-J16<0, "-" & TEXT(ABS($M$15-J16),"[hh]:mm:ss"), TEXT($M$15-J16,"[hh]:mm:ss")) -> 00:08:00
A17: 长征二号丙 远征一号商 | B17: 酒泉 | C17: ZLHW | D17: A4096/23 | E17: 45290.003 | F17: 45290.017 | J17: =E17+TIME(8,0,0) -> 45290.336 | K17: =IF($M$17-J17<0, "-" & TEXT(ABS($M$17-J17),"[hh]:mm:ss"), TEXT($M$17-J17,"[hh]:mm:ss")) -> 00:09:00 | L17: 45290.34 | M17: 45290.342
D18: A4097/23 | E18: 45290.004 | F18: 45290.022 | J18: =E18+TIME(8,0,0) -> 45290.338 | K18: =IF($M$17-J18<0, "-" & TEXT(ABS($M$17-J18),"[hh]:mm:ss"), TEXT($M$17-J18,"[hh]:mm:ss")) -> 00:07:00
C19: YBBB | D19: N4392/23 | E19: 45290.006 | F19: 45290.034 | J19: =E19+TIME(8,0,0) -> 45290.34 | K19: =IF($M$17-J19<0, "-" & TEXT(ABS($M$17-J19),"[hh]:mm:ss"), TEXT($M$17-J19,"[hh]:mm:ss")) -> 00:04:00
A20: 长征二号丙 | B20: 酒泉 | C20: ZLHW | D20: A3732/24 | E20: 45605.145 | F20: 45605.162 | J20: =E20+TIME(8,0,0) -> 45605.478 | K20: =IF($M$20-J20<0, "-" & TEXT(ABS($M$20-J20),"[hh]:mm:ss"), TEXT($M$20-J20,"[hh]:mm:ss")) -> 00:10:00 | L20: 45605.484 | M20: 45605.485
A21: 长征二号丙 | B21: 酒泉 | C21: ZLHW | D21: A4009/24 | E21: 45650.976 | F21: 45650.999 | J21: =E21+TIME(8,0,0) -> 45651.31 | K21: =IF($M$21-J21<0, "-" & TEXT(ABS($M$21-J21),"[hh]:mm:ss"), TEXT($M$21-J21,"[hh]:mm:ss")) -> 00:13:00 | L21: 45651.317 | M21: 45651.319
A22: 长征二号丙 | B22: 酒泉 | C22: ZLHW | D22: A0409/25 | E22: 45715.292 | F22: 45715.312 | J22: =E22+TIME(8,0,0) -> 45715.626 | K22: =IF($M$22-J22<0, "-" & TEXT(ABS($M$22-J22),"[hh]:mm:ss"), TEXT($M$22-J22,"[hh]:mm:ss")) -> 00:07:00 | L22: 45715.631 | M22: 45715.631
A23: 长征二号丙 远征一号商 | B23: 酒泉 | C23: ZLHW | D23: A3126/25 | E23: 45916.04 | F23: 45916.059 | J23: =E23+TIME(8,0,0) -> 45916.374 | K23: =IF($M$23-J23<0, "-" & TEXT(ABS($M$23-J23),"[hh]:mm:ss"), TEXT($M$23-J23,"[hh]:mm:ss")) -> 00:08:00 | L23: 45916.38 | M23: 45916.379
D24: A3127/25 | E24: 45916.041 | F24: 45916.064 | J24: =E24+TIME(8,0,0) -> 45916.374 | K24: =IF($M$23-J24<0, "-" & TEXT(ABS($M$23-J24),"[hh]:mm:ss"), TEXT($M$23-J24,"[hh]:mm:ss")) -> 00:07:00
C25: YBBB | D25: D6018/25 | E25: 45916.044 | F25: 45916.074 | J25: =E25+TIME(8,0,0) -> 45916.377 | K25: =IF($M$23-J25<0, "-" & TEXT(ABS($M$23-J25),"[hh]:mm:ss"), TEXT($M$23-J25,"[hh]:mm:ss")) -> 00:03:00
A26: 长征二号丙 | B26: 酒泉 | C26: ZLHW | D26: A4301/25 | E26: 45980.161 | F26: 45980.18 | J26: =E26+TIME(8,0,0) -> 45980.494 | K26: =IF($M$26-J26<0, "-" & TEXT(ABS($M$26-J26),"[hh]:mm:ss"), TEXT($M$26-J26,"[hh]:mm:ss")) -> 00:09:00 | L26: 45980.5 | M26: 45980.501
D27: A4302/25 | E27: 45980.162 | F27: 45980.185 | J27: =E27+TIME(8,0,0) -> 45980.495 | K27: =IF($M$26-J27<0, "-" & TEXT(ABS($M$26-J27),"[hh]:mm:ss"), TEXT($M$26-J27,"[hh]:mm:ss")) -> 00:08:00
A28: 长征二号丙 | B28: 酒泉 | C28: ZLHW | D28: A0114/26 | E28: 46037.162 | F28: 46037.178 | J28: =E28+TIME(8,0,0) -> 46037.495 | K28: =IF($M$28-J28<0, "-" & TEXT(ABS($M$28-J28),"[hh]:mm:ss"), TEXT($M$28-J28,"[hh]:mm:ss")) -> 00:08:00 | L28: 46037.501 | M28: 46037.501
D29: A0115/26 | E29: 46037.162 | F29: 46037.184 | J29: =E29+TIME(8,0,0) -> 46037.496 | K29: =IF($M$28-J29<0, "-" & TEXT(ABS($M$28-J29),"[hh]:mm:ss"), TEXT($M$28-J29,"[hh]:mm:ss")) -> 00:07:00
A30: 长征二号丙 | B30: 酒泉 | C30: ZLHW | D30: A0336/26 | E30: 46053.162 | F30: 46053.184 | J30: =E30+TIME(8,0,0) -> 46053.496 | K30: =IF($M$30-J30<0, "-" & TEXT(ABS($M$30-J30),"[hh]:mm:ss"), TEXT($M$30-J30,"[hh]:mm:ss")) -> 00:07:00 | L30: 46053.501 | M30: 46053.501
A31: 长征二号丙 远征一号商 | B31: 酒泉 | C31: ZLHW | D31: A0763/26 | E31: 46108.169 | F31: 46108.193 | J31: =E31+TIME(8,0,0) -> 46108.503 | K31: =IF($M$31-J31<0, "-" & TEXT(ABS($M$31-J31),"[hh]:mm:ss"), TEXT($M$31-J31,"[hh]:mm:ss")) -> 00:07:00 | L31: 46108.508 | M31: 46108.508
C32: YMMM | D32: F1145/26 | E32: 46108.172 | F32: 46108.202 | J32: =E32+TIME(8,0,0) -> 46108.506 | K32: =IF($M$31-J32<0, "-" & TEXT(ABS($M$31-J32),"[hh]:mm:ss"), TEXT($M$31-J32,"[hh]:mm:ss")) -> 00:03:00
C33: PAC | D33: 895/26 | E33: 46108.172 | F33: 46108.375 | J33: =E33+TIME(8,0,0) -> 46108.506 | K33: =IF($M$31-J33<0, "-" & TEXT(ABS($M$31-J33),"[hh]:mm:ss"), TEXT($M$31-J33,"[hh]:mm:ss")) -> 00:03:00
A34: 长征二号丙 | B34: 酒泉 | J34: =E34+TIME(8,0,0) -> 0.33333333 | K34: =IF($M$34-J34<0, "-" & TEXT(ABS($M$34-J34),"[hh]:mm:ss"), TEXT($M$34-J34,"[hh]:mm:ss")) -> -08:00:00
J35: =E35+TIME(8,0,0) -> 0.33333333 | K35: =IF($M$34-J35<0, "-" & TEXT(ABS($M$34-J35),"[hh]:mm:ss"), TEXT($M$34-J35,"[hh]:mm:ss")) -> -08:00:00
A37: 长征二号丙 | B37: 西昌 | C37: ZPKM | D37: A0746/20 | E37: 43914.149 | F37: 43914.162 | J37: =E37+TIME(8,0,0) -> 43914.483 | K37: =IF($M$37-J37<0, "-" & TEXT(ABS($M$37-J37),"[hh]:mm:ss"), TEXT($M$37-J37,"[hh]:mm:ss")) -> 00:08:00 | L37: 43914.488 | M37: 43914.488
C38: ZGZU | D38: A0747/20 | E38: 43914.15 | F38: 43914.163 | J38: =E38+TIME(8,0,0) -> 43914.483 | K38: =IF($M$37-J38<0, "-" & TEXT(ABS($M$37-J38),"[hh]:mm:ss"), TEXT($M$37-J38,"[hh]:mm:ss")) -> 00:07:00
A39: 长征二号丙 | B39: 西昌 | C39: ZPKM | E39: 44625.243 | F39: 44625.267 | J39: =E39+TIME(8,0,0) -> 44625.576 | K39: =IF($M$39-J39<0, "-" & TEXT(ABS($M$39-J39),"[hh]:mm:ss"), TEXT($M$39-J39,"[hh]:mm:ss")) -> 00:11:00 | L39: 44625.587 | M39: 44625.584
C40: ZJSA | E40: 44625.246 | F40: 44625.278 | J40: =E40+TIME(8,0,0) -> 44625.579 | K40: =IF($M$39-J40<0, "-" & TEXT(ABS($M$39-J40),"[hh]:mm:ss"), TEXT($M$39-J40,"[hh]:mm:ss")) -> 00:07:00
A41: 长征二号丙 | B41: 西昌 | C41: ZPKM | E41: 44714.16 | F41: 44714.177 | J41: =E41+TIME(8,0,0) -> 44714.493 | K41: =IF($M$41-J41<0, "-" & TEXT(ABS($M$41-J41),"[hh]:mm:ss"), TEXT($M$41-J41,"[hh]:mm:ss")) -> 00:10:00 | L41: 44714.5 | M41: 44714.5
C42: ZGZU/ZKPM | E42: 44714.16 | F42: 44714.181 | J42: =E42+TIME(8,0,0) -> 44714.494 | K42: =IF($M$41-J42<0, "-" & TEXT(ABS($M$41-J42),"[hh]:mm:ss"), TEXT($M$41-J42,"[hh]:mm:ss")) -> 00:09:00
C43: ZJSA | E43: 44714.162 | F43: 44714.185 | J43: =E43+TIME(8,0,0) -> 44714.495 | K43: =IF($M$41-J43<0, "-" & TEXT(ABS($M$41-J43),"[hh]:mm:ss"), TEXT($M$41-J43,"[hh]:mm:ss")) -> 00:07:00
A44: 长征二号丙 | B44: 西昌 | C44: ZKPM | E44: 44938.75 | F44: 44938.785 | J44: =E44+TIME(8,0,0) -> 44939.083 | K44: =IF($M$44-J44<0, "-" & TEXT(ABS($M$44-J44),"[hh]:mm:ss"), TEXT($M$44-J44,"[hh]:mm:ss")) -> 00:10:00 | L44: 44939.097 | M44: 44939.09
E45: 44938.751 | F45: 44938.787 | J45: =E45+TIME(8,0,0) -> 44939.085 | K45: =IF($M$44-J45<0, "-" & TEXT(ABS($M$44-J45),"[hh]:mm:ss"), TEXT($M$44-J45,"[hh]:mm:ss")) -> 00:08:00
C46: ZGZU | E46: 44938.752 | F46: 44938.787 | J46: =E46+TIME(8,0,0) -> 44939.085 | K46: =IF($M$44-J46<0, "-" & TEXT(ABS($M$44-J46),"[hh]:mm:ss"), TEXT($M$44-J46,"[hh]:mm:ss")) -> 00:07:00
A47: 长征二号丙 | B47: 西昌 | C47: ZPKM | D47: A0034/24 | E47: 45300.285 | F47: 45300.328 | J47: =E47+TIME(8,0,0) -> 45300.619 | K47: =IF($M$47-J47<0, "-" & TEXT(ABS($M$47-J47),"[hh]:mm:ss"), TEXT($M$47-J47,"[hh]:mm:ss")) -> 00:12:00 | L47: 45300.625 | M47: 45300.627
C48: ZGZU | D48: A0035/24 | E48: 45300.287 | F48: 45300.331 | J48: =E48+TIME(8,0,0) -> 45300.62 | K48: =IF($M$47-J48<0, "-" & TEXT(ABS($M$47-J48),"[hh]:mm:ss"), TEXT($M$47-J48,"[hh]:mm:ss")) -> 00:10:00
A49: 长征二号丙 | B49: 西昌 | C49: ZPKM | D49: A0252/24 | E49: 45324.982 | F49: 45324.999 | J49: =E49+TIME(8,0,0) -> 45325.315 | K49: =IF($M$49-J49<0, "-" & TEXT(ABS($M$49-J49),"[hh]:mm:ss"), TEXT($M$49-J49,"[hh]:mm:ss")) -> 00:03:00 | L49: 45325.322 | M49: 45325.317
C50: MSA | D50: HN013/24 | E50: 45324.958 | F50: 45325 | J50: =E50+TIME(8,0,0) -> 45325.292 | K50: =IF($M$49-J50<0, "-" & TEXT(ABS($M$49-J50),"[hh]:mm:ss"), TEXT($M$49-J50,"[hh]:mm:ss")) -> 00:37:00
C51: ZJSA | D51: A0253/24 | E51: 45324.984 | F51: 45325.006 | J51: =E51+TIME(8,0,0) -> 45325.317 | K51: =IF($M$49-J51<0, "-" & TEXT(ABS($M$49-J51),"[hh]:mm:ss"), TEXT($M$49-J51,"[hh]:mm:ss")) -> 00:00:00
A52: 长征二号丙 远征一号商 | B52: 西昌 | C52: ZPKM | D52: A0497/24 | E52: 45364.527 | F52: 45364.541 | J52: =E52+TIME(8,0,0) -> 45364.86 | K52: =IF($M$52-J52<0, "-" & TEXT(ABS($M$52-J52),"[hh]:mm:ss"), TEXT($M$52-J52,"[hh]:mm:ss")) -> 00:12:00 | L52: 45364.868 | M52: 45364.869
D53: A0498/24 | E53: 45364.528 | F53: 45364.544 | J53: =E53+TIME(8,0,0) -> 45364.861 | K53: =IF($M$52-J53<0, "-" & TEXT(ABS($M$52-J53),"[hh]:mm:ss"), TEXT($M$52-J53,"[hh]:mm:ss")) -> 00:11:00
C54: ZGZU/ZSHA | D54: A0499/24 | E54: 45364.529 | F54: 45364.547 | J54: =E54+TIME(8,0,0) -> 45364.863 | K54: =IF($M$52-J54<0, "-" & TEXT(ABS($M$52-J54),"[hh]:mm:ss"), TEXT($M$52-J54,"[hh]:mm:ss")) -> 00:09:00
A55: 长征二号丙 | B55: 西昌 | C55: ZPKM | D55: A1603/24 | E55: 45465.285 | F55: 45465.306 | J55: =E55+TIME(8,0,0) -> 45465.618 | K55: =IF($M$55-J55<0, "-" & TEXT(ABS($M$55-J55),"[hh]:mm:ss"), TEXT($M$55-J55,"[hh]:mm:ss")) -> 00:10:00 | L55: 45465.625 | M55: 45465.625
D56: A1604/24 | E56: 45465.285 | F56: 45465.309 | J56: =E56+TIME(8,0,0) -> 45465.619 | K56: =IF($M$55-J56<0, "-" & TEXT(ABS($M$55-J56),"[hh]:mm:ss"), TEXT($M$55-J56,"[hh]:mm:ss")) -> 00:09:00
A57: 长征二号丙 | B57: 西昌 | C57: ZPKM | D57: A3413/24 | E57: 45591.041 | F57: 45591.053 | J57: =E57+TIME(8,0,0) -> 45591.374 | K57: =IF($M$57-J57<0, "-" & TEXT(ABS($M$57-J57),"[hh]:mm:ss"), TEXT($M$57-J57,"[hh]:mm:ss")) -> 00:10:00 | L57: 45591.383 | M57: 45591.381
D58: A3414/24 | E58: 45591.042 | F58: 45591.056 | J58: =E58+TIME(8,0,0) -> 45591.375 | K58: =IF($M$57-J58<0, "-" & TEXT(ABS($M$57-J58),"[hh]:mm:ss"), TEXT($M$57-J58,"[hh]:mm:ss")) -> 00:09:00
C59: ZGZU/ZSHA | D59: A3415/24 | E59: 45591.043 | F59: 45591.06 | J59: =E59+TIME(8,0,0) -> 45591.376 | K59: =IF($M$57-J59<0, "-" & TEXT(ABS($M$57-J59),"[hh]:mm:ss"), TEXT($M$57-J59,"[hh]:mm:ss")) -> 00:07:00
A60: 长征二号丙 | B60: 西昌 | J60: =E60+TIME(8,0,0) -> 0.33333333 | K60: =IF($M$60-J60<0, "-" & TEXT(ABS($M$60-J60),"[hh]:mm:ss"), TEXT($M$60-J60,"[hh]:mm:ss")) -> -08:00:00
J61: =E61+TIME(8,0,0) -> 0.33333333 | K61: =IF($M$60-J61<0, "-" & TEXT(ABS($M$60-J61),"[hh]:mm:ss"), TEXT($M$60-J61,"[hh]:mm:ss")) -> -08:00:00
J62: =E62+TIME(8,0,0) -> 0.33333333 | K62: =IF($M$60-J62<0, "-" & TEXT(ABS($M$60-J62),"[hh]:mm:ss"), TEXT($M$60-J62,"[hh]:mm:ss")) -> -08:00:00
A64: 长征二号丙 | B64: 太原 | C64: ZHWH | E64: 44686.104 | F64: 44686.127 | J64: =E64+TIME(8,0,0) -> 44686.438 | K64: =IF($M$64-J64<0, "-" & TEXT(ABS($M$64-J64),"[hh]:mm:ss"), TEXT($M$64-J64,"[hh]:mm:ss")) -> 00:08:00 | L64: 0 | M64: 44686.443
A65: 长征二号丙 | B65: 太原 | C65: ZHWH/ZLHW | E65: 44757.947 | F65: 44757.963 | J65: =E65+TIME(8,0,0) -> 44758.28 | K65: =IF($M$65-J65<0, "-" & TEXT(ABS($M$65-J65),"[hh]:mm:ss"), TEXT($M$65-J65,"[hh]:mm:ss")) -> 00:14:00 | L65: 44758.285 | M65: 44758.29
C66: ZGZU/ZPKM | E66: 44757.948 | F66: 44757.968 | J66: =E66+TIME(8,0,0) -> 44758.281 | K66: =IF($M$65-J66<0, "-" & TEXT(ABS($M$65-J66),"[hh]:mm:ss"), TEXT($M$65-J66,"[hh]:mm:ss")) -> 00:12:00
A67: 长征二号丙 | B67: 太原 | C67: ZHWH/ZLHW | D67: A2819/22 | E67: 44846.947 | F67: 44846.974 | J67: =E67+TIME(8,0,0) -> 44847.281 | K67: =IF($M$67-J67<0, "-" & TEXT(ABS($M$67-J67),"[hh]:mm:ss"), TEXT($M$67-J67,"[hh]:mm:ss")) -> 00:09:00 | L67: 44847.292 | M67: 44847.287
C68: ZGZU/ZPKM | D68: A2820/22 | E68: 44846.949 | F68: 44846.981 | J68: =E68+TIME(8,0,0) -> 44847.282 | K68: =IF($M$67-J68<0, "-" & TEXT(ABS($M$67-J68),"[hh]:mm:ss"), TEXT($M$67-J68,"[hh]:mm:ss")) -> 00:07:00
A69: 长征二号丙 | B69: 太原 | C69: ZHWH/ZLHW | D69: A2129/23 | E69: 45146.947 | F69: 45146.974 | J69: =E69+TIME(8,0,0) -> 45147.281 | K69: =IF($M$69-J69<0, "-" & TEXT(ABS($M$69-J69),"[hh]:mm:ss"), TEXT($M$69-J69,"[hh]:mm:ss")) -> 00:09:00 | L69: 45147.287 | M69: 45147.287
A71: 长征二号丁 | B71: 酒泉 | C71: ZLHW | D71: A5478/18 | E71: 43463.328 | F71: 43463.35 | J71: =E71+TIME(8,0,0) -> 43463.662 | K71: =IF($M$71-J71<0, "-" & TEXT(ABS($M$71-J71),"[hh]:mm:ss"), TEXT($M$71-J71,"[hh]:mm:ss")) -> 00:07:00 | L71: 43463.667 | M71: 43463.667
A72: 远征三号 | D72: A5479/18 | E72: 43463.328 | F72: 43463.353 | J72: =E72+TIME(8,0,0) -> 43463.662 | K72: =IF($M$71-J72<0, "-" & TEXT(ABS($M$71-J72),"[hh]:mm:ss"), TEXT($M$71-J72,"[hh]:mm:ss")) -> 00:07:00
A73: 长征二号丁 | B73: 酒泉 | C73: ZLHW | E73: 44824.963 | F73: 44824.983 | J73: =E73+TIME(8,0,0) -> 44825.296 | K73: =IF($M$73-J73<0, "-" & TEXT(ABS($M$73-J73),"[hh]:mm:ss"), TEXT($M$73-J73,"[hh]:mm:ss")) -> 00:09:00 | L73: 44825.302 | M73: 44825.302
A74: 长征二号丁 | B74: 酒泉 | C74: ZLHW | E74: 44842.981 | F74: 44842.999 | J74: =E74+TIME(8,0,0) -> 44843.314 | K74: =IF($M$74-J74<0, "-" & TEXT(ABS($M$74-J74),"[hh]:mm:ss"), TEXT($M$74-J74,"[hh]:mm:ss")) -> 00:11:00 | L74: 44843.319 | M74: 44843.322
A75: 长征二号丁 | B75: 酒泉 | C75: ZLHW | E75: 44863.036 | F75: 44863.052 | J75: =E75+TIME(8,0,0) -> 44863.369 | K75: =IF($M$75-J75<0, "-" & TEXT(ABS($M$75-J75),"[hh]:mm:ss"), TEXT($M$75-J75,"[hh]:mm:ss")) -> 00:09:00 | L75: 44863.375 | M75: 44863.376
A76: 长征二号丁 | B76: 酒泉 | C76: ZLHW | E76: 44939.286 | F76: 44939.319 | J76: =E76+TIME(8,0,0) -> 44939.619 | K76: =IF($M$76-J76<0, "-" & TEXT(ABS($M$76-J76),"[hh]:mm:ss"), TEXT($M$76-J76,"[hh]:mm:ss")) -> 00:08:00 | L76: 44939.632 | M76: 44939.625
E77: 44939.286 | F77: 44939.324 | J77: =E77+TIME(8,0,0) -> 44939.619 | K77: =IF($M$76-J77<0, "-" & TEXT(ABS($M$76-J77),"[hh]:mm:ss"), TEXT($M$76-J77,"[hh]:mm:ss")) -> 00:08:00
A78: 长征二号丁 | B78: 酒泉 | C78: ZLHW | D78: A3124/23 | E78: 45214.032 | F78: 45214.052 | J78: =E78+TIME(8,0,0) -> 45214.365 | K78: =IF($M$78-J78<0, "-" & TEXT(ABS($M$78-J78),"[hh]:mm:ss"), TEXT($M$78-J78,"[hh]:mm:ss")) -> 00:08:00 | L78: 45214.372 | M78: 45214.371
A79: 长征二号丁 | B79: 酒泉 | C79: ZLHW | D79: A0806/24 | E79: 45397.169 | F79: 45397.186 | J79: =E79+TIME(8,0,0) -> 45397.502 | K79: =IF($M$79-J79<0, "-" & TEXT(ABS($M$79-J79),"[hh]:mm:ss"), TEXT($M$79-J79,"[hh]:mm:ss")) -> 00:09:00 | L79: 45397.507 | M79: 45397.508
A80: 长征二号丁 | B80: 酒泉 | C80: ZLHW | D80: A3011/24 | E80: 45562.432 | F80: 45562.465 | J80: =E80+TIME(8,0,0) -> 45562.765 | K80: =IF($M$80-J80<0, "-" & TEXT(ABS($M$80-J80),"[hh]:mm:ss"), TEXT($M$80-J80,"[hh]:mm:ss")) -> 00:08:00 | L80: 45562.771 | M80: 45562.771
D81: A3056/24 | E81: 45562.432 | F81: 45562.47 | J81: =E81+TIME(8,0,0) -> 45562.765 | K81: =IF($M$80-J81<0, "-" & TEXT(ABS($M$80-J81),"[hh]:mm:ss"), TEXT($M$80-J81,"[hh]:mm:ss")) -> 00:08:00
A82: 长征二号丁 远征三号 | B82: 酒泉 | C82: ZLHW | D82: A0537/24 | E82: 45372.222 | F82: 45372.244 | J82: =E82+TIME(8,0,0) -> 45372.555 | K82: =IF($M$82-J82<0, "-" & TEXT(ABS($M$82-J82),"[hh]:mm:ss"), TEXT($M$82-J82,"[hh]:mm:ss")) -> 00:08:00 | L82: 45372.562 | M82: 45372.56
C83: ZBPE/ZLHW | D83: A0538/24 | E83: 45372.222 | F83: 45372.248 | J83: =E83+TIME(8,0,0) -> 45372.556 | K83: =IF($M$82-J83<0, "-" & TEXT(ABS($M$82-J83),"[hh]:mm:ss"), TEXT($M$82-J83,"[hh]:mm:ss")) -> 00:07:00
A84: 长征二号丁 远征三号 | B84: 酒泉 | C84: ZLHW | D84: A4198/24 | E84: 45638.297 | F84: 45638.415 | J84: =E84+TIME(8,0,0) -> 45638.631 | K84: =IF($M$84-J84<0, "-" & TEXT(ABS($M$84-J84),"[hh]:mm:ss"), TEXT($M$84-J84,"[hh]:mm:ss")) -> 00:09:00 | L84: 45638.639 | M84: 45638.637
C85: YBBB | D85: N5532/24 | E85: 45638.301 | F85: 45638.424 | J85: =E85+TIME(8,0,0) -> 45638.634 | K85: =IF($M$84-J85<0, "-" & TEXT(ABS($M$84-J85),"[hh]:mm:ss"), TEXT($M$84-J85,"[hh]:mm:ss")) -> 00:04:00
D86: N5460/24 | E86: 45638.167 | F86: 45638.417 | J86: =E86+TIME(8,0,0) -> 45638.5 | K86: =IF($M$84-J86<0, "-" & TEXT(ABS($M$84-J86),"[hh]:mm:ss"), TEXT($M$84-J86,"[hh]:mm:ss")) -> 03:17:00
A87: 长征二号丁 | B87: 酒泉 | C87: ZLHW | D87: A0104/25 | E87: 45674.166 | F87: 45674.181 | J87: =E87+TIME(8,0,0) -> 45674.499 | K87: =IF($M$87-J87<0, "-" & TEXT(ABS($M$87-J87),"[hh]:mm:ss"), TEXT($M$87-J87,"[hh]:mm:ss")) -> 00:08:00 | L87: 45674.506 | M87: 45674.505
A88: 长征二号丁 | B88: 酒泉 | C88: ZLHW | D88: A0568/25 | E88: 45731.169 | F88: 45731.185 | J88: =E88+TIME(8,0,0) -> 45731.502 | K88: =IF($M$88-J88<0, "-" & TEXT(ABS($M$88-J88),"[hh]:mm:ss"), TEXT($M$88-J88,"[hh]:mm:ss")) -> 00:08:00 | L88: 45731.508 | M88: 45731.508
A89: 长征二号丁 | B89: 酒泉 | C89: ZLHW | D89: A0755/25 | E89: 45748.161 | F89: 45748.187 | J89: =E89+TIME(8,0,0) -> 45748.494 | K89: =IF($M$89-J89<0, "-" & TEXT(ABS($M$89-J89),"[hh]:mm:ss"), TEXT($M$89-J89,"[hh]:mm:ss")) -> 00:08:00 | L89: 45748.5 | M89: 45748.5
A90: 长征二号丁 | B90: 酒泉 | C90: ZLHW | D90: A1243/25 | E90: 45791.169 | F90: 45791.223 | J90: =E90+TIME(8,0,0) -> 45791.502 | K90: =IF($M$90-J90<0, "-" & TEXT(ABS($M$90-J90),"[hh]:mm:ss"), TEXT($M$90-J90,"[hh]:mm:ss")) -> 00:09:00 | L90: 45791.508 | M90: 45791.508
A91: 长征二号丁 | B91: 酒泉 | C91: ZLHW | D91: A1692/25 | E91: 45822.325 | F91: 45822.349 | J91: =E91+TIME(8,0,0) -> 45822.658 | K91: =IF($M$91-J91<0, "-" & TEXT(ABS($M$91-J91),"[hh]:mm:ss"), TEXT($M$91-J91,"[hh]:mm:ss")) -> 00:08:00 | L91: 45822.665 | M91: 45822.664
A92: 长征二号丁 | B92: 酒泉 | C92: ZLHW | D92: A3616/25 | E92: 45943.41 | F92: 45943.434 | J92: =E92+TIME(8,0,0) -> 45943.743 | K92: =IF($M$92-J92<0, "-" & TEXT(ABS($M$92-J92),"[hh]:mm:ss"), TEXT($M$92-J92,"[hh]:mm:ss")) -> 00:10:00 | L92: 45943.749 | M92: 45943.75
A93: 长征二号丁 | B93: 酒泉 | C93: ZLHW | J93: =E93+TIME(8,0,0) -> 0.33333333 | K93: =IF($M$93-J93<0, "-" & TEXT(ABS($M$93-J93),"[hh]:mm:ss"), TEXT($M$93-J93,"[hh]:mm:ss")) -> -08:00:00
A95: 长征二号丁 | B95: 西昌 | C95: ZPKM | E95: 44735.091 | F95: 44735.105 | J95: 44735.424 | K95: =IF($M$95-J95<0, "-" & TEXT(ABS($M$95-J95),"[hh]:mm:ss"), TEXT($M$95-J95,"[hh]:mm:ss")) -> 00:11:00 | L95: 0 | M95: 44735.432
E96: 44735.092 | F96: 44735.107 | J96: 44735.426 | K96: =IF($M$95-J96<0, "-" & TEXT(ABS($M$95-J96),"[hh]:mm:ss"), TEXT($M$95-J96,"[hh]:mm:ss")) -> 00:09:00
A97: 长征二号丁 | B97: 西昌 | C97: ZPKM | E97: 44792.726 | F97: 44792.74 | J97: 44793.06 | K97: =IF($M$97-J97<0, "-" & TEXT(ABS($M$97-J97),"[hh]:mm:ss"), TEXT($M$97-J97,"[hh]:mm:ss")) -> 00:11:00 | L97: 44793.062 | M97: 44793.067
E98: 44792.728 | F98: 44792.744 | J98: 44793.061 | K98: =IF($M$97-J98<0, "-" & TEXT(ABS($M$97-J98),"[hh]:mm:ss"), TEXT($M$97-J98,"[hh]:mm:ss")) -> 00:09:00
A99: 长征二号丁 | B99: 西昌 | C99: ZKPM | E99: 44810.173 | F99: 44810.187 | J99: 44810.506 | K99: =IF($M$99-J99<0, "-" & TEXT(ABS($M$99-J99),"[hh]:mm:ss"), TEXT($M$99-J99,"[hh]:mm:ss")) -> 00:10:00 | L99: 44810.51 | M99: 44810.513
E100: 44810.174 | F100: 44810.19 | J100: 44810.508 | K100: =IF($M$99-J100<0, "-" & TEXT(ABS($M$99-J100),"[hh]:mm:ss"), TEXT($M$99-J100,"[hh]:mm:ss")) -> 00:08:00
A101: 长征二号丁 | B101: 西昌 | C101: ZPKM | E101: 44830.562 | F101: 44830.575 | J101: =E101+TIME(8,0,0) -> 44830.896 | K101: =IF($M$101-J101<0, "-" & TEXT(ABS($M$101-J101),"[hh]:mm:ss"), TEXT($M$101-J101,"[hh]:mm:ss")) -> 00:08:00 | L101: 44830.903 | M101: 44830.901
E102: 44830.568 | F102: 44830.578 | J102: =E102+TIME(8,0,0) -> 44830.901 | K102: =IF($M$101-J102<0, "-" & TEXT(ABS($M$101-J102),"[hh]:mm:ss"), TEXT($M$101-J102,"[hh]:mm:ss")) -> -00:00:00
A103: 长征二号丁 | B103: 西昌 | C103: ZPKM | E103: 44848.793 | F103: 44848.807 | J103: 44849.126 | K103: =IF($M$103-J103<0, "-" & TEXT(ABS($M$103-J103),"[hh]:mm:ss"), TEXT($M$103-J103,"[hh]:mm:ss")) -> 00:10:00 | L103: 44849.132 | M103: 44849.133
E104: 44848.794 | F104: 44848.81 | J104: 44849.128 | K104: =IF($M$103-J104<0, "-" & TEXT(ABS($M$103-J104),"[hh]:mm:ss"), TEXT($M$103-J104,"[hh]:mm:ss")) -> 00:08:00
...

Sheet 火箭年間統計
A1: =CONCATENATE("截止",YEAR(TODAY()),"年",MONTH(TODAY()),"月",DAY(TODAY()),"日") -> 截止2026年7月6日
A2: 发射地链接 | G2: {=HYPERLINK("#发射时间预测!" & ADDRESS(MAX(IF((发射时间预测!$A:$A=TRIM(CLEAN(G6)))*(发射时间预测!$B:$B="酒泉"), ROW(发射时间预测!$A:$A))), 1), "酒泉")} -> 酒泉 | H2: {=HYPERLINK("#发射时间预测!" & ADDRESS(MAX(IF((发射时间预测!$A:$A=TRIM(CLEAN(H6)))*(发射时间预测!$B:$B="酒泉"), ROW(发射时间预测!$A:$A))), 1), "酒泉")} -> 酒泉 | J2: {=HYPERLINK("#发射时间预测!" & ADDRESS(MAX(IF((发射时间预测!$A:$A=TRIM(CLEAN(J6)))*(发射时间预测!$B:$B="酒泉"), ROW(发射时间预测!$A:$A))), 1), "酒泉")} -> 酒泉 | M2: {=HYPERLINK("#发射时间预测!" & ADDRESS(MAX(IF((发射时间预测!$A:$A=TRIM(CLEAN(M6)))*(发射时间预测!$B:$B="西昌"), ROW(发射时间预测!$A:$A))), 1), "西昌")} -> 西昌 | N2: {=HYPERLINK("#发射时间预测!" & ADDRESS(MAX(IF((发射时间预测!$A:$A=TRIM(CLEAN(N6)))*(发射时间预测!$B:$B="西昌"), ROW(发射时间预测!$A:$A))), 1), "西昌")} -> 西昌 | P2: {=HYPERLINK("#发射时间预测!" & ADDRESS(MAX(IF((发射时间预测!$A:$A=TRIM(CLEAN(P6)))*(发射时间预测!$B:$B="酒泉"), ROW(发射时间预测!$A:$A))), 1), "酒泉")} -> 酒泉 | Q2: {=HYPERLINK("#发射时间预测!" & ADDRESS(MAX(IF((发射时间预测!$A:$A=TRIM(CLEAN(Q6)))*(发射时间预测!$B:$B="酒泉"), ROW(发射时间预测!$A:$A))), 1), "酒泉")} -> 酒泉 | R2: {=HYPERLINK("#发射时间预测!" & ADDRESS(MAX(IF((发射时间预测!$A:$A=TRIM(CLEAN(R6)))*(发射时间预测!$B:$B="文昌"), ROW(发射时间预测!$A:$A))), 1), "文昌")} -> 文昌 | S2: {=HYPERLINK("#发射时间预测!" & ADDRESS(MAX(IF((发射时间预测!$A:$A=TRIM(CLEAN(S6)))*(发射时间预测!$B:$B="文昌"), ROW(发射时间预测!$A:$A))), 1), "文昌")} -> 文昌 | T2: {=HYPERLINK("#发射时间预测!" & ADDRESS(MAX(IF((发射时间预测!$A:$A=TRIM(CLEAN(T6)))*(发射时间预测!$B:$B="太原"), ROW(发射时间预测!$A:$A))), 1), "太原")} -> 太原 | U2: {=HYPERLINK("#发射时间预测!" & ADDRESS(MAX(IF((发射时间预测!$A:$A=TRIM(CLEAN(U6)))*(发射时间预测!$B:$B="太原"), ROW(发射时间预测!$A:$A))), 1), "太原")} -> 太原 | V2: {=HYPERLINK("#发射时间预测!" & ADDRESS(MAX(IF((发射时间预测!$A:$A=TRIM(CLEAN(V6)))*(发射时间预测!$B:$B="太原"), ROW(发射时间预测!$A:$A))), 1), "太原")} -> 太原 | W2: {=HYPERLINK("#发射时间预测!" & ADDRESS(MAX(IF((发射时间预测!$A:$A=TRIM(CLEAN(W6)))*(发射时间预测!$B:$B="文昌"), ROW(发射时间预测!$A:$A))), 1), "文昌")} -> 文昌 | X2: {=HYPERLINK("#发射时间预测!" & ADDRESS(MAX(IF((发射时间预测!$A:$A=TRIM(CLEAN(X6)))*(发射时间预测!$B:$B="文昌"), ROW(发射时间预测!$A:$A))), 1), "文昌")} -> 文昌 | Y2: {=HYPERLINK("#发射时间预测!" & ADDRESS(MAX(IF((发射时间预测!$A:$A=TRIM(CLEAN(Y6)))*(发射时间预测!$B:$B="文昌"), ROW(发射时间预测!$A:$A))), 1), "文昌")} -> 文昌 | Z2: {=HYPERLINK("#发射时间预测!" & ADDRESS(MAX(IF((发射时间预测!$A:$A=TRIM(CLEAN(Z6)))*(发射时间预测!$B:$B="文昌"), ROW(发射时间预测!$A:$A))), 1), "文昌")} -> 文昌 | AA2: {=HYPERLINK("#发射时间预测!" & ADDRESS(MAX(IF((发射时间预测!$A:$A=TRIM(CLEAN(AA$6)))*(发射时间预测!$B:$B="文昌"), ROW(发射时间预测!$A:$A))), 1), "文昌")} -> 文昌 | AB2: {=HYPERLINK("#发射时间预测!" & ADDRESS(MAX(IF((发射时间预测!$A:$A=TRIM(CLEAN(AB$6)))*(发射时间预测!$B:$B="文昌"), ROW(发射时间预测!$A:$A))), 1), "文昌")} -> 文昌 | AC2: {=HYPERLINK("#发射时间预测!" & ADDRESS(MAX(IF((发射时间预测!$A:$A=TRIM(CLEAN(AC$6)))*(发射时间预测!$B:$B="海南"), ROW(发射时间预测!$A:$A))), 1), "海南")} -> 海南 | AD2: {=HYPERLINK("#发射时间预测!" & ADDRESS(MAX(IF((发射时间预测!$A:$A=TRIM(CLEAN(AD6)))*(发射时间预测!$B:$B="酒泉"), ROW(发射时间预测!$A:$A))), 1), "酒泉")} -> 酒泉 | AE2: {=HYPERLINK("#发射时间预测!" & ADDRESS(MAX(IF((发射时间预测!$A:$A=TRIM(CLEAN(AE$6)))*(发射时间预测!$B:$B="黄海"), ROW(发射时间预测!$A:$A))), 1), "黄海")} -> 黄海 | AF2: {=HYPERLINK("#发射时间预测!" & ADDRESS(MAX(IF((发射时间预测!A:A="长征十二号")*(发射时间预测!B:B="海南"), ROW(发射时间预测!A:A))), 1), "海南")} -> 海南 | AG2: {=HYPERLINK("#发射时间预测!" & ADDRESS(MAX(IF((发射时间预测!$A:$A=TRIM(CLEAN(AG6)))*(发射时间预测!$B:$B="酒泉"), ROW(发射时间预测!$A:$A))), 1), "酒泉")} -> 酒泉 | AH2: {=HYPERLINK("#发射时间预测!" & ADDRESS(MAX(IF((发射时间预测!$A:$A=TRIM(CLEAN(AH6)))*(发射时间预测!$B:$B="酒泉"), ROW(发射时间预测!$A:$A))), 1), "酒泉")} -> 酒泉 | AI2: {=HYPERLINK("#发射时间预测!" & ADDRESS(MAX(IF((发射时间预测!$A:$A=TRIM(CLEAN(AI$6)))*(发射时间预测!$B:$B="黄海"), ROW(发射时间预测!$A:$A))), 1), "黄海")} -> 黄海 | AO2: {=HYPERLINK("#发射时间预测!" & ADDRESS(MAX(IF((发射时间预测!$A:$A=TRIM(CLEAN(AO6)))*(发射时间预测!$B:$B="酒泉"), ROW(发射时间预测!$A:$A))), 1), "酒泉")} -> 酒泉 | AP2: {=HYPERLINK("#发射时间预测!" & ADDRESS(MAX(IF((发射时间预测!$A:$A=TRIM(CLEAN(AP$6)))*(发射时间预测!$B:$B="酒泉"), ROW(发射时间预测!$A:$A))), 1), "酒泉")} -> 酒泉 | AR2: {=HYPERLINK("#发射时间预测!" & ADDRESS(MAX(IF((发射时间预测!A:A="朱雀二号")*(发射时间预测!B:B="酒泉"), ROW(发射时间预测!A:A))), 1), "酒泉")} -> 酒泉 | AS2: {=HYPERLINK("#发射时间预测!" & ADDRESS(MAX(IF((发射时间预测!$A:$A=TRIM(CLEAN(AS6)))*(发射时间预测!$B:$B="酒泉"), ROW(发射时间预测!$A:$A))), 1), "酒泉")} -> 酒泉 | AT2: {=HYPERLINK("#发射时间预测!" & ADDRESS(MAX(IF((发射时间预测!$A:$A=TRIM(CLEAN(AT6)))*(发射时间预测!$B:$B="酒泉"), ROW(发射时间预测!$A:$A))), 1), "酒泉")} -> 酒泉 | AV2: {=HYPERLINK("#发射时间预测!" & ADDRESS(MAX(IF((发射时间预测!$A:$A=TRIM(CLEAN(AV6)))*(发射时间预测!$B:$B="酒泉"), ROW(发射时间预测!$A:$A))), 1), "酒泉")} -> 酒泉 | AX2: {=HYPERLINK("#发射时间预测!" & ADDRESS(MAX(IF((发射时间预测!$A:$A=TRIM(CLEAN(AX$6)))*(发射时间预测!$B:$B="黄海"), ROW(发射时间预测!$A:$A))), 1), "黄海")} -> 黄海 | AY2: {=HYPERLINK("#发射时间预测!" & ADDRESS(MAX(IF((发射时间预测!$A:$A=TRIM(CLEAN(AY6)))*(发射时间预测!$B:$B="酒泉"), ROW(发射时间预测!$A:$A))), 1), "酒泉")} -> 酒泉 | AZ2: {=HYPERLINK("#发射时间预测!" & ADDRESS(MAX(IF((发射时间预测!$A:$A=TRIM(CLEAN(AZ$6)))*(发射时间预测!$B:$B="黄海"), ROW(发射时间预测!$A:$A))), 1), "黄海")} -> 黄海 | BA2: {=HYPERLINK("#发射时间预测!" & ADDRESS(MAX(IF((发射时间预测!$A:$A=TRIM(CLEAN(BA6)))*(发射时间预测!$B:$B="酒泉"), ROW(发射时间预测!$A:$A))), 1), "酒泉")} -> 酒泉 | BB2: {=HYPERLINK("#发射时间预测!" & ADDRESS(MAX(IF((发射时间预测!$A:$A=TRIM(CLEAN(BB6)))*(发射时间预测!$B:$B="酒泉"), ROW(发射时间预测!$A:$A))), 1), "酒泉")} -> 酒泉 | BC2: {=HYPERLINK("#发射时间预测!" & ADDRESS(MAX(IF((发射时间预测!$A:$A="力箭一号")*(发射时间预测!$B:$B="酒泉"), ROW(发射时间预测!$A:$A))), 1), "酒泉")} -> 酒泉 | BD2: {=HYPERLINK("#发射时间预测!" & ADDRESS(MAX(IF((发射时间预测!$A:$A="力箭二号")*(发射时间预测!$B:$B="酒泉"), ROW(发射时间预测!$A:$A))), 1), "酒泉")} -> 酒泉 | BE2: {=HYPERLINK("#发射时间预测!" & ADDRESS(MAX(IF((发射时间预测!$A:$A=TRIM(CLEAN(BE6)))*(发射时间预测!$B:$B="酒泉"), ROW(发射时间预测!$A:$A))), 1), "酒泉")} -> 酒泉 | BF2: {=HYPERLINK("#发射时间预测!" & ADDRESS(MAX(IF((发射时间预测!$A:$A=TRIM(CLEAN(BF6)))*(发射时间预测!$B:$B="酒泉"), ROW(发射时间预测!$A:$A))), 1), "酒泉")} -> 酒泉 | BG2: {=HYPERLINK("#发射时间预测!" & ADDRESS(MAX(IF((发射时间预测!$A:$A=TRIM(CLEAN(BG$6)))*(发射时间预测!$B:$B="黄海"), ROW(发射时间预测!$A:$A))), 1), "黄海")} -> 黄海 | BH2: {=HYPERLINK("#发射时间预测!" & ADDRESS(MAX(IF((发射时间预测!$A:$A=TRIM(CLEAN(BH6)))*(发射时间预测!$B:$B="酒泉"), ROW(发射时间预测!$A:$A))), 1), "酒泉")} -> 酒泉
G3: {=HYPERLINK("#发射时间预测!" & ADDRESS(MAX(IF((发射时间预测!$A:$A=TRIM(CLEAN(G6)))*(发射时间预测!$B:$B="西昌"), ROW(发射时间预测!$A:$A))), 1), "西昌")} -> 西昌 | H3: {=HYPERLINK("#发射时间预测!" & ADDRESS(MAX(IF((发射时间预测!$A:$A=TRIM(CLEAN(H6)))*(发射时间预测!$B:$B="西昌"), ROW(发射时间预测!$A:$A))), 1), "西昌")} -> 西昌 | P3: {=HYPERLINK("#发射时间预测!" & ADDRESS(MAX(IF((发射时间预测!$A:$A=TRIM(CLEAN(P6)))*(发射时间预测!$B:$B="西昌"), ROW(发射时间预测!$A:$A))), 1), "西昌")} -> 西昌 | Q3: {=HYPERLINK("#发射时间预测!" & ADDRESS(MAX(IF((发射时间预测!$A:$A=TRIM(CLEAN(Q$6)))*(发射时间预测!$B:$B="西昌"), ROW(发射时间预测!$A:$A))), 1), "西昌")} -> 西昌 | Y3: {=HYPERLINK("#发射时间预测!" & ADDRESS(MAX(IF((发射时间预测!$A:$A=TRIM(CLEAN(Y$6)))*(发射时间预测!$B:$B="海南"), ROW(发射时间预测!$A:$A))), 1), "海南")} -> 海南 | Z3: {=HYPERLINK("#发射时间预测!" & ADDRESS(MAX(IF((发射时间预测!$A:$A=TRIM(CLEAN(Z$6)))*(发射时间预测!$B:$B="海南"), ROW(发射时间预测!$A:$A))), 1), "海南")} -> 海南 | AD3: {=HYPERLINK("#发射时间预测!" & ADDRESS(MAX(IF((发射时间预测!$A:$A=TRIM(CLEAN(AD$6)))*(发射时间预测!$B:$B="西昌"), ROW(发射时间预测!$A:$A))), 1), "西昌")} -> 西昌 | AE3: {=HYPERLINK("#发射时间预测!" & ADDRESS(MAX(IF((发射时间预测!$A:$A=TRIM(CLEAN(AE$6)))*(发射时间预测!$B:$B="东海"), ROW(发射时间预测!$A:$A))), 1), "东海")} -> 东海 | AO3: {=HYPERLINK("#发射时间预测!" & ADDRESS(MAX(IF((发射时间预测!$A:$A=TRIM(CLEAN(AO6)))*(发射时间预测!$B:$B="西昌"), ROW(发射时间预测!$A:$A))), 1), "西昌")} -> 西昌 | AX3: {=HYPERLINK("#发射时间预测!" & ADDRESS(MAX(IF((发射时间预测!$A:$A=TRIM(CLEAN(AX$6)))*(发射时间预测!$B:$B="南海"), ROW(发射时间预测!$A:$A))), 1), "南海")} -> 南海
G4: {=HYPERLINK("#发射时间预测!" & ADDRESS(MAX(IF((发射时间预测!$A:$A=TRIM(CLEAN(G$6)))*(发射时间预测!$B:$B="太原"), ROW(发射时间预测!$A:$A))), 1), "太原")} -> 太原 | H4: {=HYPERLINK("#发射时间预测!" & ADDRESS(MAX(IF((发射时间预测!$A:$A=TRIM(CLEAN(H$6)))*(发射时间预测!$B:$B="太原"), ROW(发射时间预测!$A:$A))), 1), "太原")} -> 太原 | P4: {=HYPERLINK("#发射时间预测!" & ADDRESS(MAX(IF((发射时间预测!$A:$A=TRIM(CLEAN(P$6)))*(发射时间预测!$B:$B="太原"), ROW(发射时间预测!$A:$A))), 1), "太原")} -> 太原 | Q4: {=HYPERLINK("#发射时间预测!" & ADDRESS(MAX(IF((发射时间预测!$A:$A=TRIM(CLEAN(Q$6)))*(发射时间预测!$B:$B="太原"), ROW(发射时间预测!$A:$A))), 1), "太原")} -> 太原 | AE4: {=HYPERLINK("#发射时间预测!" & ADDRESS(MAX(IF((发射时间预测!$A:$A=TRIM(CLEAN(AE$6)))*(发射时间预测!$B:$B="南海"), ROW(发射时间预测!$A:$A))), 1), "南海")} -> 南海 | AO4: {=HYPERLINK("#发射时间预测!" & ADDRESS(MAX(IF((发射时间预测!$A:$A=TRIM(CLEAN(AO$6)))*(发射时间预测!$B:$B="太原"), ROW(发射时间预测!$A:$A))), 1), "太原")} -> 太原
A5: 年份 | B5: 总计 | C5: 长征 合计 | G5: =G9 -> 87 | H5: =H9 -> 105 | J5: =J9 -> 29 | M5: =SUM(L9:N9) -> 163 | P5: =SUM(O9:Q9) -> 118 | R5: =SUM(R9:S9) -> 18 | T5: =SUM(T9:V9) -> 41 | W5: =SUM(W9:X9) -> 27 | Y5: =Y9+Z9 -> 16 | AA5: =SUM(AA9:AC9) -> 0 | AD5: =SUM(AD9:AE9) -> 18 | AF5: =SUM(AF9:AI9) -> 8 | AJ5: 其他 合计 | AL5: =AL9+AM9 -> 4 | AR5: =SUM(AQ9:AT9) -> 10 | AV5: =AV9 -> 8 | AW5: =AW9+AX9 -> 12 | AY5: =SUM(AY9:BB9) -> 24 | BC5: =BC9+BD9 -> 15 | BE5: =BE9+BF9 -> 2 | BG5: =BG9 -> 2 | BH5: =BH9 -> 0
D6: 长征 一号 | E6: 长征 二号 | F6: 长征 二号甲 | G6: =HYPERLINK("..\htmls\长征二号丙运载火箭发射历史.html","长征"&CHAR(10)&"二号丙") -> 长征 二号丙 | H6: =HYPERLINK("..\htmls\长征二号丁运载火箭发射历史.html","长征"&CHAR(10)&"二号丁") -> 长征 二号丁 | I6: 长征 二号捆 | J6: 长征 二号己 | K6: 长征 三号 | L6: 长征 三号甲 | M6: 长征 三号乙 | N6: 长征 三号丙 | O6: 长征 四号甲 | P6: 长征 四号乙 | Q6: 长征 四号丙 | R6: 长征 五号 | S6: 长征 五号乙 | T6: 长征 六号 | U6: 长征 六号甲 | V6: 长征 六号丙 | W6: 长征 七号 | X6: 长征 七号甲 | Y6: 长征 八号 | Z6: 长征 八号甲 | AA6: 长征 十号 | AB6: 长征 十号甲 | AC6: 长征 十号乙 | AD6: 长征 十一号 | AE6: 长征 十一号海 | AF6: 长征 十二号 | AG6: 长征 十二号甲 | AH6: 长征 十二号乙 | AI6: 长征 十二号海 | AK6: 风暴 一号 | AL6: 开拓者 一号 | AM6: 开拓者 二号 | AN6: 快舟 一号 | AO6: 快舟 一号甲 | AP6: 快舟 十一号 | AQ6: 朱雀 一号 | AR6: 朱雀 二号 | AS6: 朱雀 二号Ｅ | AT6: 朱雀 三号 | AU6: OS-M | AV6: 双曲线 一号 | AW6: 捷龙 一号 | AX6: 捷龙 三号 | AY6: 谷神星 一号 | AZ6: 谷神星 一号海 | BA6: 谷神星 二号 | BB6: 智神星 一号 | BC6: 力箭 一号 | BD6: 力箭 二号 | BE6: 天龙 二号 | BF6: 天龙 三号 | BG6: 引力 一号 | BH6: 致航 一号
A7: 成功率 | B7: =IF(B9>0,B8/B9,"-") -> 0.94615385 | C7: =IF(C9>0,C8/C9,"-") -> 0.97103659 | D7: =D8/D9 -> 1 | E7: =E8/E9 -> 0 | F7: =F8/F9 -> 1 | G7: =G8/G9 -> 0.97701149 | H7: =H8/H9 -> 0.99047619 | I7: =I8/I9 -> 0.71428571 | J7: =J8/J9 -> 1 | K7: =IF(K9>0,K8/K9,"-") -> 0.76923077 | L7: =IF(L9>0,L8/L9,"-") -> 1 | M7: =IF(M9>0,M8/M9,"-") -> 0.95689655 | N7: =IF(N9>0,N8/N9,"-") -> 1 | O7: =IF(O9>0,O8/O9,"-") -> 1 | P7: =IF(P9>0,P8/P9,"-") -> 0.98245614 | Q7: =IF(Q9>0,Q8/Q9,"-") -> 0.96610169 | R7: =IF(R9>0,R8/R9,"-") -> 0.90909091 | ... AJ7: =IF(AJ9>0,AJ8/AJ9,"-") -> 0.81451613 | AK7: 0.5 | AL7: 0 | AM7: 1 | AN7: 1 | AO7: =IF(AO9>0,AO8/AO9,"-") -> 0.93333333 | AP7: =IF(AP9>0,AP8/AP9,"-") -> 0.83333333 | AQ7: =IF(AQ9>0,AQ8/AQ9,"-") -> 0 | AR7: =IF(AR9>0,AR8/AR9,"-") -> 0.66666667 | AS7: =IF(AS9>0,AS8/AS9,"-") -> 0.8 | AT7: =IF(AT9>0,AT8/AT9,"-") -> 1 | AU7: =IF(AU9>0,AU8/AU9,"-") -> 0 | AV7: =IF(AV9>0,AV8/AV9,"-") -> 0.5 | ... BH7: =IF(BH9>0,BH8/BH9,"-") -> -
A8: 成功数 | B8: =C8+AJ8 -> 738 | C8: =SUM(D8:AH8) -> 637 | D8: =COUNTIFS(发射纪录!$B:$B,"<>-",发射纪录!$N:$N,"=成功",发射纪录!$D:$D,"="&CLEAN(火箭年間統計!D$6)) -> 2 | E8: =COUNTIFS(发射纪录!$B:$B,"<>-",发射纪录!$N:$N,"=成功",发射纪录!$D:$D,"="&CLEAN(火箭年間統計!E$6)) -> 0 | F8: =COUNTIFS(发射纪录!$B:$B,"<>-",发射纪录!$N:$N,"=成功",发射纪录!$D:$D,"="&CLEAN(火箭年間統計!F$6)) -> 3 | G8: =COUNTIFS(发射纪录!$B:$B,"<>-",发射纪录!$N:$N,"=成功",发射纪录!$D:$D,"="&CLEAN(G$6)) -> 85 | H8: =COUNTIFS(发射纪录!$B:$B,"<>-",发射纪录!$N:$N,"=成功",发射纪录!$D:$D,"="&CLEAN(H$6)) -> 104 | I8: =COUNTIFS(发射纪录!$B:$B,"<>-",发射纪录!$N:$N,"=成功",发射纪录!$D:$D,"="&CLEAN(I$6)) -> 5 | J8: =COUNTIFS(发射纪录!$B:$B,"<>-",发射纪录!$N:$N,"=成功",发射纪录!$D:$D,"="&CLEAN(J$6)) -> 29 | K8: =COUNTIFS(发射纪录!$B:$B,"<>-",发射纪录!$N:$N,"=成功",发射纪录!$D:$D,"="&CLEAN(K$6)) -> 10 | L8: =COUNTIFS(发射纪录!$B:$B,"<>-",发射纪录!$N:$N,"=成功",发射纪录!$D:$D,"="&CLEAN(L$6)) -> 27 | M8: =COUNTIFS(发射纪录!$B:$B,"<>-",发射纪录!$N:$N,"=成功",发射纪录!$D:$D,"="&CLEAN(M$6)) -> 111 | N8: =COUNTIFS(发射纪录!$B:$B,"<>-",发射纪录!$N:$N,"=成功",发射纪录!$D:$D,"="&CLEAN(N$6)) -> 20 | ... AI8: =COUNTIFS(发射纪录!$B:$B,"<>-",发射纪录!$N:$N,"=成功",发射纪录!$D:$D,"="&CLEAN(AI$6)) -> 0 | AJ8: =SUM(AK8:BH8) -> 101 | AK8: 4 | AL8: 0 | AM8: 1 | AN8: 2 | AO8: =COUNTIFS(发射纪录!$C:$C,"<>-",发射纪录!$N:$N,"=成功",发射纪录!$D:$D,"="&CLEAN(AO$6)) -> 28 | AP8: =COUNTIFS(发射纪录!$C:$C,"<>-",发射纪录!$N:$N,"=成功",发射纪录!$D:$D,"="&CLEAN(AP$6)) -> 5 | AQ8: =COUNTIFS(发射纪录!$C:$C,"<>-",发射纪录!$N:$N,"=成功",发射纪录!$D:$D,"="&CLEAN(AQ$6)) -> 0 | AR8: =COUNTIFS(发射纪录!$C:$C,"<>-",发射纪录!$N:$N,"=成功",发射纪录!$D:$D,"="&CLEAN(AR$6)) -> 2 | AS8: =COUNTIFS(发射纪录!$C:$C,"<>-",发射纪录!$N:$N,"=成功",发射纪录!$D:$D,"="&CLEAN(AS$6)) -> 4 | AT8: =COUNTIFS(发射纪录!$C:$C,"<>-",发射纪录!$N:$N,"=成功",发射纪录!$D:$D,"="&CLEAN(AT$6)) -> 1 | AU8: =COUNTIFS(发射纪录!$C:$C,"<>-",发射纪录!$N:$N,"=成功",发射纪录!$D:$D,"="&CLEAN(AU$6)) -> 0 | AV8: =COUNTIFS(发射纪录!$C:$C,"<>-",发射纪录!$N:$N,"=成功",发射纪录!$D:$D,"="&CLEAN(AV$6)) -> 4 | ... BH8: =COUNTIFS(发射纪录!$C:$C,"<>-",发射纪录!$N:$N,"=成功",发射纪录!$D:$D,"="&CLEAN(BH$6)) -> 0
A9: 发射数 | B9: =C9+AJ9 -> 780 | C9: =SUM(D9:AH9) -> 656 | D9: =SUM(D10:D64) -> 2 | E9: =SUM(E10:E64) -> 1 | F9: =SUM(F10:F64) -> 3 | G9: =COUNTIFS(发射纪录!$B:$B,"<>-",发射纪录!$N:$N,"<>",发射纪录!$D:$D,"="&CLEAN(G$6)) -> 87 | H9: =COUNTIFS(发射纪录!$B:$B,"<>-",发射纪录!$N:$N,"<>",发射纪录!$D:$D,"="&CLEAN(H$6)) -> 105 | I9: =COUNTIFS(发射纪录!$B:$B,"<>-",发射纪录!$N:$N,"<>",发射纪录!$D:$D,"="&CLEAN(I$6)) -> 7 | J9: =COUNTIFS(发射纪录!$B:$B,"<>-",发射纪录!$N:$N,"<>",发射纪录!$D:$D,"="&CLEAN(J$6)) -> 29 | K9: =COUNTIFS(发射纪录!$B:$B,"<>-",发射纪录!$N:$N,"<>",发射纪录!$D:$D,"="&CLEAN(K$6)) -> 13 | L9: =COUNTIFS(发射纪录!$B:$B,"<>-",发射纪录!$N:$N,"<>",发射纪录!$D:$D,"="&CLEAN(L$6)) -> 27 | M9: =COUNTIFS(发射纪录!$B:$B,"<>-",发射纪录!$N:$N,"<>",发射纪录!$D:$D,"="&CLEAN(M$6)) -> 116 | N9: =COUNTIFS(发射纪录!$B:$B,"<>-",发射纪录!$N:$N,"<>",发射纪录!$D:$D,"="&CLEAN(N$6)) -> 20 | ... AI9: =COUNTIFS(发射纪录!$B:$B,"<>-",发射纪录!$N:$N,"<>",发射纪录!$D:$D,"="&CLEAN(AI$6)) -> 0 | AJ9: =SUM(AK9:BH9) -> 124 | AK9: 8 | AL9: 3 | AM9: 1 | AN9: 2 | AO9: =COUNTIFS(发射纪录!$C:$C,"<>-",发射纪录!$N:$N,"<>",发射纪录!$D:$D,"="&CLEAN(AO$6)) -> 30 | AP9: =COUNTIFS(发射纪录!$C:$C,"<>-",发射纪录!$N:$N,"<>",发射纪录!$D:$D,"="&CLEAN(AP$6)) -> 6 | AQ9: =COUNTIFS(发射纪录!$C:$C,"<>-",发射纪录!$N:$N,"<>",发射纪录!$D:$D,"="&CLEAN(AQ$6)) -> 1 | AR9: =COUNTIFS(发射纪录!$C:$C,"<>-",发射纪录!$N:$N,"<>",发射纪录!$D:$D,"="&CLEAN(AR$6)) -> 3 | AS9: =COUNTIFS(发射纪录!$C:$C,"<>-",发射纪录!$N:$N,"<>",发射纪录!$D:$D,"="&CLEAN(AS$6)) -> 5 | AT9: =COUNTIFS(发射纪录!$C:$C,"<>-",发射纪录!$N:$N,"<>",发射纪录!$D:$D,"="&CLEAN(AT$6)) -> 1 | AU9: =COUNTIFS(发射纪录!$C:$C,"<>-",发射纪录!$N:$N,"<>",发射纪录!$D:$D,"="&CLEAN(AU$6)) -> 1 | AV9: =COUNTIFS(发射纪录!$C:$C,"<>-",发射纪录!$N:$N,"<>",发射纪录!$D:$D,"="&CLEAN(AV$6)) -> 8 | ... BH9: =COUNTIFS(发射纪录!$C:$C,"<>-",发射纪录!$N:$N,"<>",发射纪录!$D:$D,"="&CLEAN(BH$6)) -> 0
A10: 25569 | B10: 1 | C10: 1 | D10: =COUNTIFS(发射纪录!$B:$B,"<>-",发射纪录!$G:$G,">="&DATE(YEAR($A10),1,1),发射纪录!$G:$G,"<="&DATE(YEAR($A10),12,31),发射纪录!$N:$N,"<>",发射纪录!$D:$D,"="&CLEAN(火箭年間統計!D$6)) -> 1 | E10: =COUNTIFS(发射纪录!$B:$B,"<>-",发射纪录!$G:$G,">="&DATE(YEAR($A10),1,1),发射纪录!$G:$G,"<="&DATE(YEAR($A10),12,31),发射纪录!$N:$N,"<>",发射纪录!$D:$D,"="&CLEAN(火箭年間統計!E$6)) -> 0 | F10: =COUNTIFS(发射纪录!$B:$B,"<>-",发射纪录!$G:$G,">="&DATE(YEAR($A10),1,1),发射纪录!$G:$G,"<="&DATE(YEAR($A10),12,31),发射纪录!$N:$N,"<>",发射纪录!$D:$D,"="&CLEAN(火箭年間統計!F$6)) -> 0 | G10: 0 | H10: 0 | I10: 0 | J10: 0 | K10: 0 | L10: 0 | M10: 0 | N10: 0 | O10: 0 | P10: 0 | Q10: 0 | R10: 0 | S10: 0 | T10: 0 | U10: 0 | V10: 0 | W10: 0 | X10: 0 | Y10: 0 | Z10: 0 | AA10: 0 | AB10: 0 | AC10: 0 | AD10: 0 | AE10: 0 | AF10: 0 | AG10: 0 | AH10: 0 | AI10: 0 | AJ10: 0 | AK10: 0 | AL10: 0 | AM10: 0 | AN10: 0 | AO10: 0 | AP10: 0 | AQ10: 0 | AR10: 0 | AS10: 0 | AT10: 0 | AU10: 0 | AV10: 0 | AW10: 0 | AX10: 0 | AY10: 0 | AZ10: 0 | BA10: 0 | BB10: 0 | BC10: 0 | BD10: 0 | BE10: 0 | BF10: 0 | BG10: 0 | BH10: 0
A11: 25934 | B11: 1 | C11: 1 | D11: =COUNTIFS(发射纪录!$B:$B,"<>-",发射纪录!$G:$G,">="&DATE(YEAR($A11),1,1),发射纪录!$G:$G,"<="&DATE(YEAR($A11),12,31),发射纪录!$N:$N,"<>",发射纪录!$D:$D,"="&CLEAN(火箭年間統計!D$6)) -> 1 | E11: =COUNTIFS(发射纪录!$B:$B,"<>-",发射纪录!$G:$G,">="&DATE(YEAR($A11),1,1),发射纪录!$G:$G,"<="&DATE(YEAR($A11),12,31),发射纪录!$N:$N,"<>",发射纪录!$D:$D,"="&CLEAN(火箭年間統計!E$6)) -> 0 | F11: =COUNTIFS(发射纪录!$B:$B,"<>-",发射纪录!$G:$G,">="&DATE(YEAR($A11),1,1),发射纪录!$G:$G,"<="&DATE(YEAR($A11),12,31),发射纪录!$N:$N,"<>",发射纪录!$D:$D,"="&CLEAN(火箭年間統計!F$6)) -> 0 | G11: 0 | H11: 0 | I11: 0 | J11: 0 | K11: 0 | L11: 0 | M11: 0 | N11: 0 | O11: 0 | P11: 0 | Q11: 0 | R11: 0 | S11: 0 | T11: 0 | U11: 0 | V11: 0 | W11: 0 | X11: 0 | Y11: 0 | Z11: 0 | AA11: 0 | AB11: 0 | AC11: 0 | AD11: 0 | AE11: 0 | AF11: 0 | AG11: 0 | AH11: 0 | AI11: 0 | AJ11: 0 | AK11: 0 | AL11: 0 | AM11: 0 | AN11: 0 | AO11: 0 | AP11: 0 | AQ11: 0 | AR11: 0 | AS11: 0 | AT11: 0 | AU11: 0 | AV11: 0 | AW11: 0 | AX11: 0 | AY11: 0 | AZ11: 0 | BA11: 0 | BB11: 0 | BC11: 0 | BD11: 0 | BE11: 0 | BF11: 0 | BG11: 0 | BH11: 0
A12: 26299 | B12: 0 | C12: 0 | D12: =COUNTIFS(发射纪录!$B:$B,"<>-",发射纪录!$G:$G,">="&DATE(YEAR($A12),1,1),发射纪录!$G:$G,"<="&DATE(YEAR($A12),12,31),发射纪录!$N:$N,"<>",发射纪录!$D:$D,"="&CLEAN(火箭年間統計!D$6)) -> 0 | E12: =COUNTIFS(发射纪录!$B:$B,"<>-",发射纪录!$G:$G,">="&DATE(YEAR($A12),1,1),发射纪录!$G:$G,"<="&DATE(YEAR($A12),12,31),发射纪录!$N:$N,"<>",发射纪录!$D:$D,"="&CLEAN(火箭年間統計!E$6)) -> 0 | F12: =COUNTIFS(发射纪录!$B:$B,"<>-",发射纪录!$G:$G,">="&DATE(YEAR($A12),1,1),发射纪录!$G:$G,"<="&DATE(YEAR($A12),12,31),发射纪录!$N:$N,"<>",发射纪录!$D:$D,"="&CLEAN(火箭年間統計!F$6)) -> 0 | G12: 0 | H12: 0 | I12: 0 | J12: 0 | K12: 0 | L12: 0 | M12: 0 | N12: 0 | O12: 0 | P12: 0 | Q12: 0 | R12: 0 | S12: 0 | T12: 0 | U12: 0 | V12: 0 | W12: 0 | X12: 0 | Y12: 0 | Z12: 0 | AA12: 0 | AB12: 0 | AC12: 0 | AD12: 0 | AE12: 0 | AF12: 0 | AG12: 0 | AH12: 0 | AI12: 0 | AJ12: 0 | AK12: 0 | AL12: 0 | AM12: 0 | AN12: 0 | AO12: 0 | AP12: 0 | AQ12: 0 | AR12: 0 | AS12: 0 | AT12: 0 | AU12: 0 | AV12: 0 | AW12: 0 | AX12: 0 | AY12: 0 | AZ12: 0 | BA12: 0 | BB12: 0 | BC12: 0 | BD12: 0 | BE12: 0 | BF12: 0 | BG12: 0 | BH12: 0
A13: 26665 | B13: 1 | C13: 0 | D13: =COUNTIFS(发射纪录!$B:$B,"<>-",发射纪录!$G:$G,">="&DATE(YEAR($A13),1,1),发射纪录!$G:$G,"<="&DATE(YEAR($A13),12,31),发射纪录!$N:$N,"<>",发射纪录!$D:$D,"="&CLEAN(火箭年間統計!D$6)) -> 0 | E13: =COUNTIFS(发射纪录!$B:$B,"<>-",发射纪录!$G:$G,">="&DATE(YEAR($A13),1,1),发射纪录!$G:$G,"<="&DATE(YEAR($A13),12,31),发射纪录!$N:$N,"<>",发射纪录!$D:$D,"="&CLEAN(火箭年間統計!E$6)) -> 0 | F13: =COUNTIFS(发射纪录!$B:$B,"<>-",发射纪录!$G:$G,">="&DATE(YEAR($A13),1,1),发射纪录!$G:$G,"<="&DATE(YEAR($A13),12,31),发射纪录!$N:$N,"<>",发射纪录!$D:$D,"="&CLEAN(火箭年間統計!F$6)) -> 0 | G13: 0 | H13: 0 | I13: 0 | J13: 0 | K13: 0 | L13: 0 | M13: 0 | N13: 0 | O13: 0 | P13: 0 | Q13: 0 | R13: 0 | S13: 0 | T13: 0 | U13: 0 | V13: 0 | W13: 0 | X13: 0 | Y13: 0 | Z13: 0 | AA13: 0 | AB13: 0 | AC13: 0 | AD13: 0 | AE13: 0 | AF13: 0 | AG13: 0 | AH13: 0 | AI13: 0 | AJ13: 1 | AK13: 1 | AL13: 0 | AM13: 0 | AN13: 0 | AO13: 0 | AP13: 0 | AQ13: 0 | AR13: 0 | AS13: 0 | AT13: 0 | AU13: 0 | AV13: 0 | AW13: 0 | AX13: 0 | AY13: 0 | AZ13: 0 | BA13: 0 | BB13: 0 | BC13: 0 | BD13: 0 | BE13: 0 | BF13: 0 | BG13: 0 | BH13: 0
A14: 27030 | B14: 2 | C14: 1 | D14: =COUNTIFS(发射纪录!$B:$B,"<>-",发射纪录!$G:$G,">="&DATE(YEAR($A14),1,1),发射纪录!$G:$G,"<="&DATE(YEAR($A14),12,31),发射纪录!$N:$N,"<>",发射纪录!$D:$D,"="&CLEAN(火箭年間統計!D$6)) -> 0 | E14: =COUNTIFS(发射纪录!$B:$B,"<>-",发射纪录!$G:$G,">="&DATE(YEAR($A14),1,1),发射纪录!$G:$G,"<="&DATE(YEAR($A14),12,31),发射纪录!$N:$N,"<>",发射纪录!$D:$D,"="&CLEAN(火箭年間統計!E$6)) -> 1 | F14: =COUNTIFS(发射纪录!$B:$B,"<>-",发射纪录!$G:$G,">="&DATE(YEAR($A14),1,1),发射纪录!$G:$G,"<="&DATE(YEAR($A14),12,31),发射纪录!$N:$N,"<>",发射纪录!$D:$D,"="&CLEAN(火箭年間統計!F$6)) -> 0 | G14: 0 | H14: 0 | I14: 0 | J14: 0 | K14: 0 | L14: 0 | M14: 0 | N14: 0 | O14: 0 | P14: 0 | Q14: 0 | R14: 0 | S14: 0 | T14: 0 | U14: 0 | V14: 0 | W14: 0 | X14: 0 | Y14: 0 | Z14: 0 | AA14: 0 | AB14: 0 | AC14: 0 | AD14: 0 | AE14: 0 | AF14: 0 | AG14: 0 | AH14: 0 | AI14: 0 | AJ14: 1 | AK14: 1 | AL14: 0 | AM14: 0 | AN14: 0 | AO14: 0 | AP14: 0 | AQ14: 0 | AR14: 0 | AS14: 0 | AT14: 0 | AU14: 0 | AV14: 0 | AW14: 0 | AX14: 0 | AY14: 0 | AZ14: 0 | BA14: 0 | BB14: 0 | BC14: 0 | BD14: 0 | BE14: 0 | BF14: 0 | BG14: 0 | BH14: 0
A15: 27395 | B15: 3 | C15: 1 | D15: =COUNTIFS(发射纪录!$B:$B,"<>-",发射纪录!$G:$G,">="&DATE(YEAR($A15),1,1),发射纪录!$G:$G,"<="&DATE(YEAR($A15),12,31),发射纪录!$N:$N,"<>",发射纪录!$D:$D,"="&CLEAN(火箭年間統計!D$6)) -> 0 | E15: =COUNTIFS(发射纪录!$B:$B,"<>-",发射纪录!$G:$G,">="&DATE(YEAR($A15),1,1),发射纪录!$G:$G,"<="&DATE(YEAR($A15),12,31),发射纪录!$N:$N,"<>",发射纪录!$D:$D,"="&CLEAN(火箭年間統計!E$6)) -> 0 | F15: =COUNTIFS(发射纪录!$B:$B,"<>-",发射纪录!$G:$G,">="&DATE(YEAR($A15),1,1),发射纪录!$G:$G,"<="&DATE(YEAR($A15),12,31),发射纪录!$N:$N,"<>",发射纪录!$D:$D,"="&CLEAN(火箭年間統計!F$6)) -> 1 | G15: 0 | H15: 0 | I15: 0 | J15: 0 | K15: 0 | L15: 0 | M15: 0 | N15: 0 | O15: 0 | P15: 0 | Q15: 0 | R15: 0 | S15: 0 | T15: 0 | U15: 0 | V15: 0 | W15: 0 | X15: 0 | Y15: 0 | Z15: 0 | AA15: 0 | AB15: 0 | AC15: 0 | AD15: 0 | AE15: 0 | AF15: 0 | AG15: 0 | AH15: 0 | AI15: 0 | AJ15: 2 | AK15: 2 | AL15: 0 | AM15: 0 | AN15: 0 | AO15: 0 | AP15: 0 | AQ15: 0 | AR15: 0 | AS15: 0 | AT15: 0 | AU15: 0 | AV15: 0 | AW15: 0 | AX15: 0 | AY15: 0 | AZ15: 0 | BA15: 0 | BB15: 0 | BC15: 0 | BD15: 0 | BE15: 0 | BF15: 0 | BG15: 0 | BH15: 0
A16: 27760 | B16: 3 | C16: 1 | D16: =COUNTIFS(发射纪录!$B:$B,"<>-",发射纪录!$G:$G,">="&DATE(YEAR($A16),1,1),发射纪录!$G:$G,"<="&DATE(YEAR($A16),12,31),发射纪录!$N:$N,"<>",发射纪录!$D:$D,"="&CLEAN(火箭年間統計!D$6)) -> 0 | E16: =COUNTIFS(发射纪录!$B:$B,"<>-",发射纪录!$G:$G,">="&DATE(YEAR($A16),1,1),发射纪录!$G:$G,"<="&DATE(YEAR($A16),12,31),发射纪录!$N:$N,"<>",发射纪录!$D:$D,"="&CLEAN(火箭年間統計!E$6)) -> 0 | F16: =COUNTIFS(发射纪录!$B:$B,"<>-",发射纪录!$G:$G,">="&DATE(YEAR($A16),1,1),发射纪录!$G:$G,"<="&DATE(YEAR($A16),12,31),发射纪录!$N:$N,"<>",发射纪录!$D:$D,"="&CLEAN(火箭年間統計!F$6)) -> 1 | G16: 0 | H16: 0 | I16: 0 | J16: 0 | K16: 0 | L16: 0 | M16: 0 | N16: 0 | O16: 0 | P16: 0 | Q16: 0 | R16: 0 | S16: 0 | T16: 0 | U16: 0 | V16: 0 | W16: 0 | X16: 0 | Y16: 0 | Z16: 0 | AA16: 0 | AB16: 0 | AC16: 0 | AD16: 0 | AE16: 0 | AF16: 0 | AG16: 0 | AH16: 0 | AI16: 0 | AJ16: 2 | AK16: 2 | AL16: 0 | AM16: 0 | AN16: 0 | AO16: 0 | AP16: 0 | AQ16: 0 | AR16: 0 | AS16: 0 | AT16: 0 | AU16: 0 | AV16: 0 | AW16: 0 | AX16: 0 | AY16: 0 | AZ16: 0 | BA16: 0 | BB16: 0 | BC16: 0 | BD16: 0 | BE16: 0 | BF16: 0 | BG16: 0 | BH16: 0
A17: 28126 | B17: 0 | C17: 0 | D17: =COUNTIFS(发射纪录!$B:$B,"<>-",发射纪录!$G:$G,">="&DATE(YEAR($A17),1,1),发射纪录!$G:$G,"<="&DATE(YEAR($A17),12,31),发射纪录!$N:$N,"<>",发射纪录!$D:$D,"="&CLEAN(火箭年間統計!D$6)) -> 0 | E17: =COUNTIFS(发射纪录!$B:$B,"<>-",发射纪录!$G:$G,">="&DATE(YEAR($A17),1,1),发射纪录!$G:$G,"<="&DATE(YEAR($A17),12,31),发射纪录!$N:$N,"<>",发射纪录!$D:$D,"="&CLEAN(火箭年間統計!E$6)) -> 0 | F17: =COUNTIFS(发射纪录!$B:$B,"<>-",发射纪录!$G:$G,">="&DATE(YEAR($A17),1,1),发射纪录!$G:$G,"<="&DATE(YEAR($A17),12,31),发射纪录!$N:$N,"<>",发射纪录!$D:$D,"="&CLEAN(火箭年間統計!F$6)) -> 0 | G17: 0 | H17: 0 | I17: 0 | J17: 0 | K17: 0 | L17: 0 | M17: 0 | N17: 0 | O17: 0 | P17: 0 | Q17: 0 | R17: 0 | S17: 0 | T17: 0 | U17: 0 | V17: 0 | W17: 0 | X17: 0 | Y17: 0 | Z17: 0 | AA17: 0 | AB17: 0 | AC17: 0 | AD17: 0 | AE17: 0 | AF17: 0 | AG17: 0 | AH17: 0 | AI17: 0 | AJ17: 0 | AK17: 0 | AL17: 0 | AM17: 0 | AN17: 0 | AO17: 0 | AP17: 0 | AQ17: 0 | AR17: 0 | AS17: 0 | AT17: 0 | AU17: 0 | AV17: 0 | AW17: 0 | AX17: 0 | AY17: 0 | AZ17: 0 | BA17: 0 | BB17: 0 | BC17: 0 | BD17: 0 | BE17: 0 | BF17: 0 | BG17: 0 | BH17: 0
A18: 28491 | B18: 1 | C18: 1 | D18: =COUNTIFS(发射纪录!$B:$B,"<>-",发射纪录!$G:$G,">="&DATE(YEAR($A18),1,1),发射纪录!$G:$G,"<="&DATE(YEAR($A18),12,31),发射纪录!$N:$N,"<>",发射纪录!$D:$D,"="&CLEAN(火箭年間統計!D$6)) -> 0 | E18: =COUNTIFS(发射纪录!$B:$B,"<>-",发射纪录!$G:$G,">="&DATE(YEAR($A18),1,1),发射纪录!$G:$G,"<="&DATE(YEAR($A18),12,31),发射纪录!$N:$N,"<>",发射纪录!$D:$D,"="&CLEAN(火箭年間統計!E$6)) -> 0 | F18: =COUNTIFS(发射纪录!$B:$B,"<>-",发射纪录!$G:$G,">="&DATE(YEAR($A18),1,1),发射纪录!$G:$G,"<="&DATE(YEAR($A18),12,31),发射纪录!$N:$N,"<>",发射纪录!$D:$D,"="&CLEAN(火箭年間統計!F$6)) -> 1 | G18: 0 | H18: 0 | I18: 0 | J18: 0 | K18: 0 | L18: 0 | M18: 0 | N18: 0 | O18: 0 | P18: 0 | Q18: 0 | R18: 0 | S18: 0 | T18: 0 | U18: 0 | V18: 0 | W18: 0 | X18: 0 | Y18: 0 | Z18: 0 | AA18: 0 | AB18: 0 | AC18: 0 | AD18: 0 | AE18: 0 | AF18: 0 | AG18: 0 | AH18: 0 | AI18: 0 | AJ18: 0 | AK18: 0 | AL18: 0 | AM18: 0 | AN18: 0 | AO18: 0 | AP18: 0 | AQ18: 0 | AR18: 0 | AS18: 0 | AT18: 0 | AU18: 0 | AV18: 0 | AW18: 0 | AX18: 0 | AY18: 0 | AZ18: 0 | BA18: 0 | BB18: 0 | BC18: 0 | BD18: 0 | BE18: 0 | BF18: 0 | BG18: 0 | BH18: 0
A19: 28856 | B19: 1 | C19: 0 | D19: =COUNTIFS(发射纪录!$B:$B,"<>-",发射纪录!$G:$G,">="&DATE(YEAR($A19),1,1),发射纪录!$G:$G,"<="&DATE(YEAR($A19),12,31),发射纪录!$N:$N,"<>",发射纪录!$D:$D,"="&CLEAN(火箭年間統計!D$6)) -> 0 | E19: =COUNTIFS(发射纪录!$B:$B,"<>-",发射纪录!$G:$G,">="&DATE(YEAR($A19),1,1),发射纪录!$G:$G,"<="&DATE(YEAR($A19),12,31),发射纪录!$N:$N,"<>",发射纪录!$D:$D,"="&CLEAN(火箭年間統計!E$6)) -> 0 | F19: =COUNTIFS(发射纪录!$B:$B,"<>-",发射纪录!$G:$G,">="&DATE(YEAR($A19),1,1),发射纪录!$G:$G,"<="&DATE(YEAR($A19),12,31),发射纪录!$N:$N,"<>",发射纪录!$D:$D,"="&CLEAN(火箭年間統計!F$6)) -> 0 | G19: 0 | H19: 0 | I19: 0 | J19: 0 | K19: 0 | L19: 0 | M19: 0 | N19: 0 | O19: 0 | P19: 0 | Q19: 0 | R19: 0 | S19: 0 | T19: 0 | U19: 0 | V19: 0 | W19: 0 | X19: 0 | Y19: 0 | Z19: 0 | AA19: 0 | AB19: 0 | AC19: 0 | AD19: 0 | AE19: 0 | AF19: 0 | AG19: 0 | AH19: 0 | AI19: 0 | AJ19: 1 | AK19: 1 | AL19: 0 | AM19: 0 | AN19: 0 | AO19: 0 | AP19: 0 | AQ19: 0 | AR19: 0 | AS19: 0 | AT19: 0 | AU19: 0 | AV19: 0 | AW19: 0 | AX19: 0 | AY19: 0 | AZ19: 0 | BA19: 0 | BB19: 0 | BC19: 0 | BD19: 0 | BE19: 0 | BF19: 0 | BG19: 0 | BH19: 0
A20: 29221 | B20: 0 | C20: 0 | D20: =COUNTIFS(发射纪录!$B:$B,"<>-",发射纪录!$G:$G,">="&DATE(YEAR($A20),1,1),发射纪录!$G:$G,"<="&DATE(YEAR($A20),12,31),发射纪录!$N:$N,"<>",发射纪录!$D:$D,"="&CLEAN(火箭年間統計!D$6)) -> 0 | E20: =COUNTIFS(发射纪录!$B:$B,"<>-",发射纪录!$G:$G,">="&DATE(YEAR($A20),1,1),发射纪录!$G:$G,"<="&DATE(YEAR($A20),12,31),发射纪录!$N:$N,"<>",发射纪录!$D:$D,"="&CLEAN(火箭年間統計!E$6)) -> 0 | F20: =COUNTIFS(发射纪录!$B:$B,"<>-",发射纪录!$G:$G,">="&DATE(YEAR($A20),1,1),发射纪录!$G:$G,"<="&DATE(YEAR($A20),12,31),发射纪录!$N:$N,"<>",发射纪录!$D:$D,"="&CLEAN(火箭年間統計!F$6)) -> 0 | G20: 0 | H20: 0 | I20: 0 | J20: 0 | K20: 0 | L20: 0 | M20: 0 | N20: 0 | O20: 0 | P20: 0 | Q20: 0 | R20: 0 | S20: 0 | T20: 0 | U20: 0 | V20: 0 | W20: 0 | X20: 0 | Y20: 0 | Z20: 0 | AA20: 0 | AB20: 0 | AC20: 0 | AD20: 0 | AE20: 0 | AF20: 0 | AG20: 0 | AH20: 0 | AI20: 0 | AJ20: 0 | AK20: 0 | AL20: 0 | AM20: 0 | AN20: 0 | AO20: 0 | AP20: 0 | AQ20: 0 | AR20: 0 | AS20: 0 | AT20: 0 | AU20: 0 | AV20: 0 | AW20: 0 | AX20: 0 | AY20: 0 | AZ20: 0 | BA20: 0 | BB20: 0 | BC20: 0 | BD20: 0 | BE20: 0 | BF20: 0 | BG20: 0 | BH20: 0
A21: 29587 | B21: 1 | C21: 0 | D21: =COUNTIFS(发射纪录!$B:$B,"<>-",发射纪录!$G:$G,">="&DATE(YEAR($A21),1,1),发射纪录!$G:$G,"<="&DATE(YEAR($A21),12,31),发射纪录!$N:$N,"<>",发射纪录!$D:$D,"="&CLEAN(火箭年間統計!D$6)) -> 0 | E21: =COUNTIFS(发射纪录!$B:$B,"<>-",发射纪录!$G:$G,">="&DATE(YEAR($A21),1,1),发射纪录!$G:$G,"<="&DATE(YEAR($A21),12,31),发射纪录!$N:$N,"<>",发射纪录!$D:$D,"="&CLEAN(火箭年間統計!E$6)) -> 0 | F21: =COUNTIFS(发射纪录!$B:$B,"<>-",发射纪录!$G:$G,">="&DATE(YEAR($A21),1,1),发射纪录!$G:$G,"<="&DATE(YEAR($A21),12,31),发射纪录!$N:$N,"<>",发射纪录!$D:$D,"="&CLEAN(火箭年間統計!F$6)) -> 0 | G21: 0 | H21: 0 | I21: 0 | J21: 0 | K21: 0 | L21: 0 | M21: 0 | N21: 0 | O21: 0 | P21: 0 | Q21: 0 | R21: 0 | S21: 0 | T21: 0 | U21: 0 | V21: 0 | W21: 0 | X21: 0 | Y21: 0 | Z21: 0 | AA21: 0 | AB21: 0 | AC21: 0 | AD21: 0 | AE21: 0 | AF21: 0 | AG21: 0 | AH21: 0 | AI21: 0 | AJ21: 1 | AK21: 1 | AL21: 0 | AM21: 0 | AN21: 0 | AO21: 0 | AP21: 0 | AQ21: 0 | AR21: 0 | AS21: 0 | AT21: 0 | AU21: 0 | AV21: 0 | AW21: 0 | AX21: 0 | AY21: 0 | AZ21: 0 | BA21: 0 | BB21: 0 | BC21: 0 | BD21: 0 | BE21: 0 | BF21: 0 | BG21: 0 | BH21: 0
... A50: 40179 | B50: 15 | C50: 15 | D50: =COUNTIFS(发射纪录!$B:$B,"<>-",发射纪录!$G:$G,">="&DATE(YEAR($A50),1,1),发射纪录!$G:$G,"<="&DATE(YEAR($A50),12,31),发射纪录!$N:$N,"<>",发射纪录!$D:$D,"="&CLEAN(火箭年間統計!D$6)) -> 0 | E50: =COUNTIFS(发射纪录!$B:$B,"<>-",发射纪录!$G:$G,">="&DATE(YEAR($A50),1,1),发射纪录!$G:$G,"<="&DATE(YEAR($A50),12,31),发射纪录!$N:$N,"<>",发射纪录!$D:$D,"="&CLEAN(火箭年間統計!E$6)) -> 0 | F50: =COUNTIFS(发射纪录!$B:$B,"<>-",发射纪录!$G:$G,">="&DATE(YEAR($A50),1,1),发射纪录!$G:$G,"<="&DATE(YEAR($A50),12,31),发射纪录!$N:$N,"<>",发射纪录!$D:$D,"="&CLEAN(火箭年間統計!F$6)) -> 0 | G50: 0 | H50: 3 | I50: 0 | J50: 0 | K50: 0 | L50: 3 | M50: 1 | N50: 4 | O50: 0 | P50: 1 | Q50: 3 | R50: 0 | S50: 0 | T50: 0 | U50: 0 | V50: 0 | W50: 0 | X50: 0 | Y50: 0 | Z50: 0 | AA50: 0 | AB50: 0 | AC50: 0 | AD50: 0 | AE50: 0 | AF50: 0 | AG50: 0 | AH50: 0 | AI50: 0 | AJ50: 0 | AK50: 0 | AL50: 0 | AM50: 0 | AN50: 0 | AO50: 0 | AP50: 0 | AQ50: 0 | AR50: 0 | AS50: 0 | AT50: 0 | AU50: 0 | AV50: 0 | AW50: 0 | AX50: 0 | AY50: 0 | AZ50: 0 | BA50: 0 | BB50: 0 | BC50: 0 | BD50: 0 | BE50: 0 | BF50: 0 | BG50: 0 | BH50: 0
A51: 40544 | B51: =C51+AJ51 -> 19 | C51: 19 | D51: =COUNTIFS(发射纪录!$B:$B,"<>-",发射纪录!$G:$G,">="&DATE(YEAR($A51),1,1),发射纪录!$G:$G,"<="&DATE(YEAR($A51),12,31),发射纪录!$N:$N,"<>",发射纪录!$D:$D,"="&CLEAN(火箭年間統計!D$6)) -> 0 | E51: =COUNTIFS(发射纪录!$B:$B,"<>-",发射纪录!$G:$G,">="&DATE(YEAR($A51),1,1),发射纪录!$G:$G,"<="&DATE(YEAR($A51),12,31),发射纪录!$N:$N,"<>",发射纪录!$D:$D,"="&CLEAN(火箭年間統計!E$6)) -> 0 | F51: =COUNTIFS(发射纪录!$B:$B,"<>-",发射纪录!$G:$G,">="&DATE(YEAR($A51),1,1),发射纪录!$G:$G,"<="&DATE(YEAR($A51),12,31),发射纪录!$N:$N,"<>",发射纪录!$D:$D,"="&CLEAN(火箭年間統計!F$6)) -> 0 | G51: =COUNTIFS(发射纪录!$B:$B,"<>-",发射纪录!$G:$G,">="&DATE(YEAR($A51),1,1),发射纪录!$G:$G,"<="&DATE(YEAR($A51),12,31),发射纪录!$N:$N,"<>",发射纪录!$D:$D,"="&CLEAN(火箭年間統計!G$6)) -> 4 | H51: =COUNTIFS(发射纪录!$B:$B,"<>-",发射纪录!$G:$G,">="&DATE(YEAR($A51),1,1),发射纪录!$G:$G,"<="&DATE(YEAR($A51),12,31),发射纪录!$N:$N,"<>",发射纪录!$D:$D,"="&CLEAN(火箭年間統計!H$6)) -> 1 | I51: =COUNTIFS(发射纪录!$B:$B,"<>-",发射纪录!$G:$G,">="&DATE(YEAR($A51),1,1),发射纪录!$G:$G,"<="&DATE(YEAR($A51),12,31),发射纪录!$N:$N,"<>",发射纪录!$D:$D,"="&CLEAN(火箭年間統計!I$6)) -> 0 | J51: =COUNTIFS(发射纪录!$B:$B,"<>-",发射纪录!$G:$G,">="&DATE(YEAR($A51),1,1),发射纪录!$G:$G,"<="&DATE(YEAR($A51),12,31),发射纪录!$N:$N,"<>",发射纪录!$D:$D,"="&CLEAN(火箭年間統計!J$6)) -> 2 | K51: =COUNTIFS(发射纪录!$B:$B,"<>-",发射纪录!$G:$G,">="&DATE(YEAR($A51),1,1),发射纪录!$G:$G,"<="&DATE(YEAR($A51),12,31),发射纪录!$N:$N,"<>",发射纪录!$D:$D,"="&CLEAN(火箭年間統計!K$6)) -> 0 | L51: =COUNTIFS(发射纪录!$B:$B,"<>-",发射纪录!$G:$G,">="&DATE(YEAR($A51),1,1),发射纪录!$G:$G,"<="&DATE(YEAR($A51),12,31),发射纪录!$N:$N,"<>",发射纪录!$D:$D,"="&CLEAN(火箭年間統計!L$6)) -> 3 | M51: 5 | N51: 1 | O51: 0 | P51: 3 | Q51: 0 | R51: 0 | S51: 0 | T51: 0 | U51: 0 | V51: 0 | W51: 0 | X51: 0 | Y51: 0 | Z51: 0 | AA51: 0 | AB51: 0 | AC51: 0 | AD51: 0 | AE51: 0 | AF51: 0 | AG51: 0 | AH51: 0 | AI51: 0 | AJ51: 0 | AK51: 0 | AL51: 0 | AM51: 0 | AN51: 0 | AO51: 0 | AP51: 0 | AQ51: 0 | AR51: 0 | AS51: 0 | AT51: 0 | AU51: 0 | AV51: 0 | AW51: 0 | AX51: 0 | AY51: 0 | AZ51: 0 | BA51: 0 | BB51: 0 | BC51: 0 | BD51: 0 | BE51: 0 | BF51: 0 | BG51: 0 | BH51: 0
A52: 40909 | B52: =C52+AJ52 -> 19 | C52: 19 | D52: =COUNTIFS(发射纪录!$B:$B,"<>-",发射纪录!$G:$G,">="&DATE(YEAR($A52),1,1),发射纪录!$G:$G,"<="&DATE(YEAR($A52),12,31),发射纪录!$N:$N,"<>",发射纪录!$D:$D,"="&CLEAN(火箭年間統計!D$6)) -> 0 | E52: =COUNTIFS(发射纪录!$B:$B,"<>-",发射纪录!$G:$G,">="&DATE(YEAR($A52),1,1),发射纪录!$G:$G,"<="&DATE(YEAR($A52),12,31),发射纪录!$N:$N,"<>",发射纪录!$D:$D,"="&CLEAN(火箭年間統計!E$6)) -> 0 | F52: =COUNTIFS(发射纪录!$B:$B,"<>-",发射纪录!$G:$G,">="&DATE(YEAR($A52),1,1),发射纪录!$G:$G,"<="&DATE(YEAR($A52),12,31),发射纪录!$N:$N,"<>",发射纪录!$D:$D,"="&CLEAN(火箭年間統計!F$6)) -> 0 | G52: =COUNTIFS(发射纪录!$B:$B,"<>-",发射纪录!$G:$G,">="&DATE(YEAR($A52),1,1),发射纪录!$G:$G,"<="&DATE(YEAR($A52),12,31),发射纪录!$N:$N,"<>",发射纪录!$D:$D,"="&CLEAN(火箭年間統計!G$6)) -> 2 | H52: =COUNTIFS(发射纪录!$B:$B,"<>-",发射纪录!$G:$G,">="&DATE(YEAR($A52),1,1),发射纪录!$G:$G,"<="&DATE(YEAR($A52),12,31),发射纪录!$N:$N,"<>",发射纪录!$D:$D,"="&CLEAN(火箭年間統計!H$6)) -> 3 | I52: =COUNTIFS(发射纪录!$B:$B,"<>-",发射纪录!$G:$G,">="&DATE(YEAR($A52),1,1),发射纪录!$G:$G,"<="&DATE(YEAR($A52),12,31),发射纪录!$N:$N,"<>",发射纪录!$D:$D,"="&CLEAN(火箭年間統計!I$6)) -> 0 | J52: =COUNTIFS(发射纪录!$B:$B,"<>-",发射纪录!$G:$G,">="&DATE(YEAR($A52),1,1),发射纪录!$G:$G,"<="&DATE(YEAR($A52),12,31),发射纪录!$N:$N,"<>",发射纪录!$D:$D,"="&CLEAN(火箭年間統計!J$6)) -> 1 | K52: =COUNTIFS(发射纪录!$B:$B,"<>-",发射纪录!$G:$G,">="&DATE(YEAR($A52),1,1),发射纪录!$G:$G,"<="&DATE(YEAR($A52),12,31),发射纪录!$N:$N,"<>",发射纪录!$D:$D,"="&CLEAN(火箭年間統計!K$6)) -> 0 | L52: =COUNTIFS(发射纪录!$B:$B,"<>-",发射纪录!$G:$G,">="&DATE(YEAR($A52),1,1),发射纪录!$G:$G,"<="&DATE(YEAR($A52),12,31),发射纪录!$N:$N,"<>",发射纪录!$D:$D,"="&CLEAN(火箭年間統計!L$6)) -> 1 | M52: 5 | N52: 3 | O52: 0 | P52: 2 | Q52: 2 | R52: 0 | S52: 0 | T52: 0 | U52: 0 | V52: 0 | W52: 0 | X52: 0 | Y52: 0 | Z52: 0 | AA52: 0 | AB52: 0 | AC52: 0 | AD52: 0 | AE52: 0 | AF52: 0 | AG52: 0 | AH52: 0 | AI52: 0 | AJ52: 0 | AK52: 0 | AL52: 0 | AM52: 0 | AN52: 0 | AO52: 0 | AP52: 0 | AQ52: 0 | AR52: 0 | AS52: 0 | AT52: 0 | AU52: 0 | AV52: 0 | AW52: 0 | AX52: 0 | AY52: 0 | AZ52: 0 | BA52: 0 | BB52: 0 | BC52: 0 | BD52: 0 | BE52: 0 | BF52: 0 | BG52: 0 | BH52: 0
A53: 41275 | B53: =C53+AJ53 -> 15 | C53: 14 | D53: =COUNTIFS(发射纪录!$B:$B,"<>-",发射纪录!$G:$G,">="&DATE(YEAR($A53),1,1),发射纪录!$G:$G,"<="&DATE(YEAR($A53),12,31),发射纪录!$N:$N,"<>",发射纪录!$D:$D,"="&CLEAN(火箭年間統計!D$6)) -> 0 | E53: =COUNTIFS(发射纪录!$B:$B,"<>-",发射纪录!$G:$G,">="&DATE(YEAR($A53),1,1),发射纪录!$G:$G,"<="&DATE(YEAR($A53),12,31),发射纪录!$N:$N,"<>",发射纪录!$D:$D,"="&CLEAN(火箭年間統計!E$6)) -> 0 | F53: =COUNTIFS(发射纪录!$B:$B,"<>-",发射纪录!$G:$G,">="&DATE(YEAR($A53),1,1),发射纪录!$G:$G,"<="&DATE(YEAR($A53),12,31),发射纪录!$N:$N,"<>",发射纪录!$D:$D,"="&CLEAN(火箭年間統計!F$6)) -> 0 | G53: =COUNTIFS(发射纪录!$B:$B,"<>-",发射纪录!$G:$G,">="&DATE(YEAR($A53),1,1),发射纪录!$G:$G,"<="&DATE(YEAR($A53),12,31),发射纪录!$N:$N,"<>",发射纪录!$D:$D,"="&CLEAN(火箭年間統計!G$6)) -> 2 | H53: =COUNTIFS(发射纪录!$B:$B,"<>-",发射纪录!$G:$G,">="&DATE(YEAR($A53),1,1),发射纪录!$G:$G,"<="&DATE(YEAR($A53),12,31),发射纪录!$N:$N,"<>",发射纪录!$D:$D,"="&CLEAN(火箭年間統計!H$6)) -> 2 | I53: =COUNTIFS(发射纪录!$B:$B,"<>-",发射纪录!$G:$G,">="&DATE(YEAR($A53),1,1),发射纪录!$G:$G,"<="&DATE(YEAR($A53),12,31),发射纪录!$N:$N,"<>",发射纪录!$D:$D,"="&CLEAN(火箭年間統計!I$6)) -> 0 | J53: =COUNTIFS(发射纪录!$B:$B,"<>-",发射纪录!$G:$G,">="&DATE(YEAR($A53),1,1),发射纪录!$G:$G,"<="&DATE(YEAR($A53),12,31),发射纪录!$N:$N,"<>",发射纪录!$D:$D,"="&CLEAN(火箭年間統計!J$6)) -> 1 | K53: =COUNTIFS(发射纪录!$B:$B,"<>-",发射纪录!$G:$G,">="&DATE(YEAR($A53),1,1),发射纪录!$G:$G,"<="&DATE(YEAR($A53),12,31),发射纪录!$N:$N,"<>",发射纪录!$D:$D,"="&CLEAN(火箭年間統計!K$6)) -> 0 | L53: =COUNTIFS(发射纪录!$B:$B,"<>-",发射纪录!$G:$G,">="&DATE(YEAR($A53),1,1),发射纪录!$G:$G,"<="&DATE(YEAR($A53),12,31),发射纪录!$N:$N,"<>",发射纪录!$D:$D,"="&CLEAN(火箭年間統計!L$6)) -> 0 | M53: 3 | N53: 0 | O53: 0 | P53: 2 | Q53: 4 | R53: 0 | S53: 0 | T53: 0 | U53: 0 | V53: 0 | W53: 0 | X53: 0 | Y53: 0 | Z53: 0 | AA53: 0 | AB53: 0 | AC53: 0 | AD53: 0 | AE53: 0 | AF53: 0 | AG53: 0 | AH53: 0 | AI53: 0 | AJ53: 1 | AK53: 0 | AL53: 0 | AM53: 0 | AN53: 1 | AO53: 0 | AP53: 0 | AQ53: 0 | AR53: 0 | AS53: 0 | AT53: 0 | AU53: 0 | AV53: 0 | AW53: 0 | AX53: 0 | AY53: 0 | AZ53: 0 | BA53: 0 | BB53: 0 | BC53: 0 | BD53: 0 | BE53: 0 | BF53: 0 | BG53: 0 | BH53: 0
A54: 41640 | B54: =C54+AJ54 -> 16 | C54: 15 | D54: =COUNTIFS(发射纪录!$B:$B,"<>-",发射纪录!$G:$G,">="&DATE(YEAR($A54),1,1),发射纪录!$G:$G,"<="&DATE(YEAR($A54),12,31),发射纪录!$N:$N,"<>",发射纪录!$D:$D,"="&CLEAN(火箭年間統計!D$6)) -> 0 | E54: =COUNTIFS(发射纪录!$B:$B,"<>-",发射纪录!$G:$G,">="&DATE(YEAR($A54),1,1),发射纪录!$G:$G,"<="&DATE(YEAR($A54),12,31),发射纪录!$N:$N,"<>",发射纪录!$D:$D,"="&CLEAN(火箭年間統計!E$6)) -> 0 | F54: =COUNTIFS(发射纪录!$B:$B,"<>-",发射纪录!$G:$G,">="&DATE(YEAR($A54),1,1),发射纪录!$G:$G,"<="&DATE(YEAR($A54),12,31),发射纪录!$N:$N,"<>",发射纪录!$D:$D,"="&CLEAN(火箭年間統計!F$6)) -> 0 | G54: =COUNTIFS(发射纪录!$B:$B,"<>-",发射纪录!$G:$G,">="&DATE(YEAR($A54),1,1),发射纪录!$G:$G,"<="&DATE(YEAR($A54),12,31),发射纪录!$N:$N,"<>",发射纪录!$D:$D,"="&CLEAN(火箭年間統計!G$6)) -> 4 | H54: =COUNTIFS(发射纪录!$B:$B,"<>-",发射纪录!$G:$G,">="&DATE(YEAR($A54),1,1),发射纪录!$G:$G,"<="&DATE(YEAR($A54),12,31),发射纪录!$N:$N,"<>",发射纪录!$D:$D,"="&CLEAN(火箭年間統計!H$6)) -> 2 | I54: =COUNTIFS(发射纪录!$B:$B,"<>-",发射纪录!$G:$G,">="&DATE(YEAR($A54),1,1),发射纪录!$G:$G,"<="&DATE(YEAR($A54),12,31),发射纪录!$N:$N,"<>",发射纪录!$D:$D,"="&CLEAN(火箭年間統計!I$6)) -> 0 | J54: =COUNTIFS(发射纪录!$B:$B,"<>-",发射纪录!$G:$G,">="&DATE(YEAR($A54),1,1),发射纪录!$G:$G,"<="&DATE(YEAR($A54),12,31),发射纪录!$N:$N,"<>",发射纪录!$D:$D,"="&CLEAN(火箭年間統計!J$6)) -> 0 | K54: =COUNTIFS(发射纪录!$B:$B,"<>-",发射纪录!$G:$G,">="&DATE(YEAR($A54),1,1),发射纪录!$G:$G,"<="&DATE(YEAR($A54),12,31),发射纪录!$N:$N,"<>",发射纪录!$D:$D,"="&CLEAN(火箭年間統計!K$6)) -> 0 | L54: =COUNTIFS(发射纪录!$B:$B,"<>-",发射纪录!$G:$G,">="&DATE(YEAR($A54),1,1),发射纪录!$G:$G,"<="&DATE(YEAR($A54),12,31),发射纪录!$N:$N,"<>",发射纪录!$D:$D,"="&CLEAN(火箭年間統計!L$6)) -> 1 | M54: 0 | N54: 1 | O54: 0 | P54: 4 | Q54: 3 | R54: 0 | S54: 0 | T54: 0 | U54: 0 | V54: 0 | W54: 0 | X54: 0 | Y54: 0 | Z54: 0 | AA54: 0 | AB54: 0 | AC54: 0 | AD54: 0 | AE54: 0 | AF54: 0 | AG54: 0 | AH54: 0 | AI54: 0 | AJ54: 1 | AK54: 0 | AL54: 0 | AM54: 0 | AN54: 1 | AO54: 0 | AP54: 0 | AQ54: 0 | AR54: 0 | AS54: 0 | AT54: 0 | AU54: 0 | AV54: 0 | AW54: 0 | AX54: 0 | AY54: 0 | AZ54: 0 | BA54: 0 | BB54: 0 | BC54: 0 | BD54: 0 | BE54: 0 | BF54: 0 | BG54: 0 | BH54: 0
A55: 42005 | B55: =C55+AJ55 -> 19 | C55: 19 | D55: =COUNTIFS(发射纪录!$B:$B,"<>-",发射纪录!$G:$G,">="&DATE(YEAR($A55),1,1),发射纪录!$G:$G,"<="&DATE(YEAR($A55),12,31),发射纪录!$N:$N,"<>",发射纪录!$D:$D,"="&CLEAN(火箭年間統計!D$6)) -> 0 | E55: =COUNTIFS(发射纪录!$B:$B,"<>-",发射纪录!$G:$G,">="&DATE(YEAR($A55),1,1),发射纪录!$G:$G,"<="&DATE(YEAR($A55),12,31),发射纪录!$N:$N,"<>",发射纪录!$D:$D,"="&CLEAN(火箭年間統計!E$6)) -> 0 | F55: =COUNTIFS(发射纪录!$B:$B,"<>-",发射纪录!$G:$G,">="&DATE(YEAR($A55),1,1),发射纪录!$G:$G,"<="&DATE(YEAR($A55),12,31),发射纪录!$N:$N,"<>",发射纪录!$D:$D,"="&CLEAN(火箭年間統計!F$6)) -> 0 | G55: =COUNTIFS(发射纪录!$B:$B,"<>-",发射纪录!$G:$G,">="&DATE(YEAR($A55),1,1),发射纪录!$G:$G,"<="&DATE(YEAR($A55),12,31),发射纪录!$N:$N,"<>",发射纪录!$D:$D,"="&CLEAN(火箭年間統計!G$6)) -> 0 | H55: =COUNTIFS(发射纪录!$B:$B,"<>-",发射纪录!$G:$G,">="&DATE(YEAR($A55),1,1),发射纪录!$G:$G,"<="&DATE(YEAR($A55),12,31),发射纪录!$N:$N,"<>",发射纪录!$D:$D,"="&CLEAN(火箭年間統計!H$6)) -> 4 | I55: =COUNTIFS(发射纪录!$B:$B,"<>-",发射纪录!$G:$G,">="&DATE(YEAR($A55),1,1),发射纪录!$G:$G,"<="&DATE(YEAR($A55),12,31),发射纪录!$N:$N,"<>",发射纪录!$D:$D,"="&CLEAN(火箭年間統計!I$6)) -> 0 | J55: =COUNTIFS(发射纪录!$B:$B,"<>-",发射纪录!$G:$G,">="&DATE(YEAR($A55),1,1),发射纪录!$G:$G,"<="&DATE(YEAR($A55),12,31),发射纪录!$N:$N,"<>",发射纪录!$D:$D,"="&CLEAN(火箭年間統計!J$6)) -> 0 | K55: =COUNTIFS(发射纪录!$B:$B,"<>-",发射纪录!$G:$G,">="&DATE(YEAR($A55),1,1),发射纪录!$G:$G,"<="&DATE(YEAR($A55),12,31),发射纪录!$N:$N,"<>",发射纪录!$D:$D,"="&CLEAN(火箭年間統計!K$6)) -> 0 | L55: =COUNTIFS(发射纪录!$B:$B,"<>-",发射纪录!$G:$G,">="&DATE(YEAR($A55),1,1),发射纪录!$G:$G,"<="&DATE(YEAR($A55),12,31),发射纪录!$N:$N,"<>",发射纪录!$D:$D,"="&CLEAN(火箭年間統計!L$6)) -> 0 | M55: 8 | N55: 1 | O55: 0 | P55: 2 | Q55: 2 | R55: 0 | S55: 0 | T55: 1 | U55: 0 | V55: 0 | W55: 0 | X55: 0 | Y55: 0 | Z55: 0 | AA55: 0 | AB55: 0 | AC55: 0 | AD55: 1 | AE55: 0 | AF55: 0 | AG55: 0 | AH55: 0 | AI55: 0 | AJ55: 0 | AK55: 0 | AL55: 0 | AM55: 0 | AN55: 0 | AO55: 0 | AP55: 0 | AQ55: 0 | AR55: 0 | AS55: 0 | AT55: 0 | AU55: 0 | AV55: 0 | AW55: 0 | AX55: 0 | AY55: 0 | AZ55: 0 | BA55: 0 | BB55: 0 | BC55: 0 | BD55: 0 | BE55: 0 | BF55: 0 | BG55: 0 | BH55: 0
A56: 42370 | B56: =C56+AJ56 -> 22 | C56: 22 | D56: =COUNTIFS(发射纪录!$B:$B,"<>-",发射纪录!$G:$G,">="&DATE(YEAR($A56),1,1),发射纪录!$G:$G,"<="&DATE(YEAR($A56),12,31),发射纪录!$N:$N,"<>",发射纪录!$D:$D,"="&CLEAN(火箭年間統計!D$6)) -> 0 | E56: =COUNTIFS(发射纪录!$B:$B,"<>-",发射纪录!$G:$G,">="&DATE(YEAR($A56),1,1),发射纪录!$G:$G,"<="&DATE(YEAR($A56),12,31),发射纪录!$N:$N,"<>",发射纪录!$D:$D,"="&CLEAN(火箭年間統計!E$6)) -> 0 | F56: =COUNTIFS(发射纪录!$B:$B,"<>-",发射纪录!$G:$G,">="&DATE(YEAR($A56),1,1),发射纪录!$G:$G,"<="&DATE(YEAR($A56),12,31),发射纪录!$N:$N,"<>",发射纪录!$D:$D,"="&CLEAN(火箭年間統計!F$6)) -> 0 | G56: =COUNTIFS(发射纪录!$B:$B,"<>-",发射纪录!$G:$G,">="&DATE(YEAR($A56),1,1),发射纪录!$G:$G,"<="&DATE(YEAR($A56),12,31),发射纪录!$N:$N,"<>",发射纪录!$D:$D,"="&CLEAN(火箭年間統計!G$6)) -> 0 | H56: =COUNTIFS(发射纪录!$B:$B,"<>-",发射纪录!$G:$G,">="&DATE(YEAR($A56),1,1),发射纪录!$G:$G,"<="&DATE(YEAR($A56),12,31),发射纪录!$N:$N,"<>",发射纪录!$D:$D,"="&CLEAN(火箭年間統計!H$6)) -> 6 | I56: =COUNTIFS(发射纪录!$B:$B,"<>-",发射纪录!$G:$G,">="&DATE(YEAR($A56),1,1),发射纪录!$G:$G,"<="&DATE(YEAR($A56),12,31),发射纪录!$N:$N,"<>",发射纪录!$D:$D,"="&CLEAN(火箭年間統計!I$6)) -> 0 | J56: =COUNTIFS(发射纪录!$B:$B,"<>-",发射纪录!$G:$G,">="&DATE(YEAR($A56),1,1),发射纪录!$G:$G,"<="&DATE(YEAR($A56),12,31),发射纪录!$N:$N,"<>",发射纪录!$D:$D,"="&CLEAN(火箭年間統計!J$6)) -> 2 | K56: =COUNTIFS(发射纪录!$B:$B,"<>-",发射纪录!$G:$G,">="&DATE(YEAR($A56),1,1),发射纪录!$G:$G,"<="&DATE(YEAR($A56),12,31),发射纪录!$N:$N,"<>",发射纪录!$D:$D,"="&CLEAN(火箭年間統計!K$6)) -> 0 | L56: =COUNTIFS(发射纪录!$B:$B,"<>-",发射纪录!$G:$G,">="&DATE(YEAR($A56),1,1),发射纪录!$G:$G,"<="&DATE(YEAR($A56),12,31),发射纪录!$N:$N,"<>",发射纪录!$D:$D,"="&CLEAN(火箭年間統計!L$6)) -> 1 | M56: 3 | N56: 3 | O56: 0 | P56: 2 | Q56: 2 | R56: 1 | S56: 0 | T56: 0 | U56: 0 | V56: 0 | W56: 1 | X56: 0 | Y56: 0 | Z56: 0 | AA56: 0 | AB56: 0 | AC56: 0 | AD56: 1 | AE56: 0 | AF56: 0 | AG56: 0 | AH56: 0 | AI56: 0 | AJ56: 0 | AK56: 0 | AL56: 0 | AM56: 0 | AN56: 0 | AO56: 0 | AP56: 0 | AQ56: 0 | AR56: 0 | AS56: 0 | AT56: 0 | AU56: 0 | AV56: 0 | AW56: 0 | AX56: 0 | AY56: 0 | AZ56: 0 | BA56: 0 | BB56: 0 | BC56: 0 | BD56: 0 | BE56: 0 | BF56: 0 | BG56: 0 | BH56: 0
A57: 42736 | B57: =C57+AJ57 -> 18 | C57: 16 | D57: =COUNTIFS(发射纪录!$B:$B,"<>-",发射纪录!$G:$G,">="&DATE(YEAR($A57),1,1),发射纪录!$G:$G,"<="&DATE(YEAR($A57),12,31),发射纪录!$N:$N,"<>",发射纪录!$D:$D,"="&CLEAN(火箭年間統計!D$6)) -> 0 | E57: =COUNTIFS(发射纪录!$B:$B,"<>-",发射纪录!$G:$G,">="&DATE(YEAR($A57),1,1),发射纪录!$G:$G,"<="&DATE(YEAR($A57),12,31),发射纪录!$N:$N,"<>",发射纪录!$D:$D,"="&CLEAN(火箭年間統計!E$6)) -> 0 | F57: =COUNTIFS(发射纪录!$B:$B,"<>-",发射纪录!$G:$G,">="&DATE(YEAR($A57),1,1),发射纪录!$G:$G,"<="&DATE(YEAR($A57),12,31),发射纪录!$N:$N,"<>",发射纪录!$D:$D,"="&CLEAN(火箭年間統計!F$6)) -> 0 | G57: =COUNTIFS(发射纪录!$B:$B,"<>-",发射纪录!$G:$G,">="&DATE(YEAR($A57),1,1),发射纪录!$G:$G,"<="&DATE(YEAR($A57),12,31),发射纪录!$N:$N,"<>",发射纪录!$D:$D,"="&CLEAN(火箭年間統計!G$6)) -> 3 | H57: =COUNTIFS(发射纪录!$B:$B,"<>-",发射纪录!$G:$G,">="&DATE(YEAR($A57),1,1),发射纪录!$G:$G,"<="&DATE(YEAR($A57),12,31),发射纪录!$N:$N,"<>",发射纪录!$D:$D,"="&CLEAN(火箭年間統計!H$6)) -> 3 | I57: =COUNTIFS(发射纪录!$B:$B,"<>-",发射纪录!$G:$G,">="&DATE(YEAR($A57),1,1),发射纪录!$G:$G,"<="&DATE(YEAR($A57),12,31),发射纪录!$N:$N,"<>",发射纪录!$D:$D,"="&CLEAN(火箭年間統計!I$6)) -> 0 | J57: =COUNTIFS(发射纪录!$B:$B,"<>-",发射纪录!$G:$G,">="&DATE(YEAR($A57),1,1),发射纪录!$G:$G,"<="&DATE(YEAR($A57),12,31),发射纪录!$N:$N,"<>",发射纪录!$D:$D,"="&CLEAN(火箭年間統計!J$6)) -> 0 | K57: =COUNTIFS(发射纪录!$B:$B,"<>-",发射纪录!$G:$G,">="&DATE(YEAR($A57),1,1),发射纪录!$G:$G,"<="&DATE(YEAR($A57),12,31),发射纪录!$N:$N,"<>",发射纪录!$D:$D,"="&CLEAN(火箭年間統計!K$6)) -> 0 | L57: =COUNTIFS(发射纪录!$B:$B,"<>-",发射纪录!$G:$G,">="&DATE(YEAR($A57),1,1),发射纪录!$G:$G,"<="&DATE(YEAR($A57),12,31),发射纪录!$N:$N,"<>",发射纪录!$D:$D,"="&CLEAN(火箭年間統計!L$6)) -> 0 | M57: 5 | N57: 0 | O57: 0 | P57: 1 | Q57: 1 | R57: 1 | S57: 0 | T57: 1 | U57: 0 | V57: 0 | W57: 1 | X57: 0 | Y57: 0 | Z57: 0 | AA57: 0 | AB57: 0 | AC57: 0 | AD57: 0 | AE57: 0 | AF57: 0 | AG57: 0 | AH57: 0 | AI57: 0 | AJ57: 2 | AK57: 0 | AL57: 0 | AM57: 1 | AN57: 0 | AO57: 1 | AP57: 0 | AQ57: 0 | AR57: 0 | AS57: 0 | AT57: 0 | AU57: 0 | AV57: 0 | AW57: 0 | AX57: 0 | AY57: 0 | AZ57: 0 | BA57: 0 | BB57: 0 | BC57: 0 | BD57: 0 | BE57: 0 | BF57: 0 | BG57: 0 | BH57: 0
A58: 43101 | B58: =C58+AJ58 -> 39 | C58: 37 | D58: =COUNTIFS(发射纪录!$B:$B,"<>-",发射纪录!$G:$G,">="&DATE(YEAR($A58),1,1),发射纪录!$G:$G,"<="&DATE(YEAR($A58),12,31),发射纪录!$N:$N,"<>",发射纪录!$D:$D,"="&CLEAN(火箭年間統計!D$6)) -> 0 | E58: =COUNTIFS(发射纪录!$B:$B,"<>-",发射纪录!$G:$G,">="&DATE(YEAR($A58),1,1),发射纪录!$G:$G,"<="&DATE(YEAR($A58),12,31),发射纪录!$N:$N,"<>",发射纪录!$D:$D,"="&CLEAN(火箭年間統計!E$6)) -> 0 | F58: =COUNTIFS(发射纪录!$B:$B,"<>-",发射纪录!$G:$G,">="&DATE(YEAR($A58),1,1),发射纪录!$G:$G,"<="&DATE(YEAR($A58),12,31),发射纪录!$N:$N,"<>",发射纪录!$D:$D,"="&CLEAN(火箭年間統計!F$6)) -> 0 | G58: =COUNTIFS(发射纪录!$B:$B,"<>-",发射纪录!$G:$G,">="&DATE(YEAR($A58),1,1),发射纪录!$G:$G,"<="&DATE(YEAR($A58),12,31),发射纪录!$N:$N,"<>",发射纪录!$D:$D,"="&CLEAN(火箭年間統計!G$6)) -> 6 | H58: =COUNTIFS(发射纪录!$B:$B,"<>-",发射纪录!$G:$G,">="&DATE(YEAR($A58),1,1),发射纪录!$G:$G,"<="&DATE(YEAR($A58),12,31),发射纪录!$N:$N,"<>",发射纪录!$D:$D,"="&CLEAN(火箭年間統計!H$6)) -> 8 | I58: =COUNTIFS(发射纪录!$B:$B,"<>-",发射纪录!$G:$G,">="&DATE(YEAR($A58),1,1),发射纪录!$G:$G,"<="&DATE(YEAR($A58),12,31),发射纪录!$N:$N,"<>",发射纪录!$D:$D,"="&CLEAN(火箭年間統計!I$6)) -> 0 | J58: =COUNTIFS(发射纪录!$B:$B,"<>-",发射纪录!$G:$G,">="&DATE(YEAR($A58),1,1),发射纪录!$G:$G,"<="&DATE(YEAR($A58),12,31),发射纪录!$N:$N,"<>",发射纪录!$D:$D,"="&CLEAN(火箭年間統計!J$6)) -> 0 | K58: =COUNTIFS(发射纪录!$B:$B,"<>-",发射纪录!$G:$G,">="&DATE(YEAR($A58),1,1),发射纪录!$G:$G,"<="&DATE(YEAR($A58),12,31),发射纪录!$N:$N,"<>",发射纪录!$D:$D,"="&CLEAN(火箭年間統計!K$6)) -> 0 | L58: =COUNTIFS(发射纪录!$B:$B,"<>-",发射纪录!$G:$G,">="&DATE(YEAR($A58),1,1),发射纪录!$G:$G,"<="&DATE(YEAR($A58),12,31),发射纪录!$N:$N,"<>",发射纪录!$D:$D,"="&CLEAN(火箭年間統計!L$6)) -> 2 | M58: 11 | N58: 1 | O58: 0 | P58: 2 | Q58: 4 | R58: 0 | S58: 0 | T58: 0 | U58: 0 | V58: 0 | W58: 0 | X58: 0 | Y58: 0 | Z58: 0 | AA58: 0 | AB58: 0 | AC58: 0 | AD58: 3 | AE58: 0 | AF58: 0 | AG58: 0 | AH58: 0 | AI58: 0 | AJ58: 2 | AK58: 0 | AL58: 0 | AM58: 0 | AN58: 0 | AO58: 1 | AP58: 0 | AQ58: 1 | AR58: 0 | AS58: 0 | AT58: 0 | AU58: 0 | AV58: 0 | AW58: 0 | AX58: 0 | AY58: 0 | AZ58: 0 | BA58: 0 | BB58: 0 | BC58: 0 | BD58: 0 | BE58: 0 | BF58: 0 | BG58: 0 | BH58: 0
A59: 43466 | B59: =C59+AJ59 -> 34 | C59: 26 | D59: =COUNTIFS(发射纪录!$B:$B,"<>-",发射纪录!$G:$G,">="&DATE(YEAR($A59),1,1),发射纪录!$G:$G,"<="&DATE(YEAR($A59),12,31),发射纪录!$N:$N,"<>",发射纪录!$D:$D,"="&CLEAN(火箭年間統計!D$6)) -> 0 | E59: =COUNTIFS(发射纪录!$B:$B,"<>-",发射纪录!$G:$G,">="&DATE(YEAR($A59),1,1),发射纪录!$G:$G,"<="&DATE(YEAR($A59),12,31),发射纪录!$N:$N,"<>",发射纪录!$D:$D,"="&CLEAN(火箭年間統計!E$6)) -> 0 | F59: =COUNTIFS(发射纪录!$B:$B,"<>-",发射纪录!$G:$G,">="&DATE(YEAR($A59),1,1),发射纪录!$G:$G,"<="&DATE(YEAR($A59),12,31),发射纪录!$N:$N,"<>",发射纪录!$D:$D,"="&CLEAN(火箭年間統計!F$6)) -> 0 | G59: =COUNTIFS(发射纪录!$B:$B,"<>-",发射纪录!$G:$G,">="&DATE(YEAR($A59),1,1),发射纪录!$G:$G,"<="&DATE(YEAR($A59),12,31),发射纪录!$N:$N,"<>",发射纪录!$D:$D,"="&CLEAN(火箭年間統計!G$6)) -> 1 | H59: =COUNTIFS(发射纪录!$B:$B,"<>-",发射纪录!$G:$G,">="&DATE(YEAR($A59),1,1),发射纪录!$G:$G,"<="&DATE(YEAR($A59),12,31),发射纪录!$N:$N,"<>",发射纪录!$D:$D,"="&CLEAN(火箭年間統計!H$6)) -> 1 | I59: =COUNTIFS(发射纪录!$B:$B,"<>-",发射纪录!$G:$G,">="&DATE(YEAR($A59),1,1),发射纪录!$G:$G,"<="&DATE(YEAR($A59),12,31),发射纪录!$N:$N,"<>",发射纪录!$D:$D,"="&CLEAN(火箭年間統計!I$6)) -> 0 | J59: =COUNTIFS(发射纪录!$B:$B,"<>-",发射纪录!$G:$G,">="&DATE(YEAR($A59),1,1),发射纪录!$G:$G,"<="&DATE(YEAR($A59),12,31),发射纪录!$N:$N,"<>",发射纪录!$D:$D,"="&CLEAN(火箭年間統計!J$6)) -> 0 | K59: =COUNTIFS(发射纪录!$B:$B,"<>-",发射纪录!$G:$G,">="&DATE(YEAR($A59),1,1),发射纪录!$G:$G,"<="&DATE(YEAR($A59),12,31),发射纪录!$N:$N,"<>",发射纪录!$D:$D,"="&CLEAN(火箭年間統計!K$6)) -> 0 | L59: =COUNTIFS(发射纪录!$B:$B,"<>-",发射纪录!$G:$G,">="&DATE(YEAR($A59),1,1),发射纪录!$G:$G,"<="&DATE(YEAR($A59),12,31),发射纪录!$N:$N,"<>",发射纪录!$D:$D,"="&CLEAN(火箭年間統計!L$6)) -> 0 | M59: 11 | N59: 1 | O59: 0 | P59: 4 | Q59: 3 | R59: 1 | S59: 0 | T59: 1 | U59: 0 | V59: 0 | W59: 0 | X59: 0 | Y59: 0 | Z59: 0 | AA59: 0 | AB59: 0 | AC59: 0 | AD59: 2 | AE59: 1 | AF59: 0 | AG59: 0 | AH59: 0 | AI59: 1 | AJ59: 8 | AK59: 0 | AL59: 0 | AM59: 0 | AN59: 0 | AO59: 5 | AP59: 0 | AQ59: 0 | AR59: 0 | AS59: 0 | AT59: 0 | AU59: 1 | AV59: 1 | AW59: 1 | AX59: 0 | AY59: 0 | AZ59: 0 | BA59: 0 | BB59: 0 | BC59: 0 | BD59: 0 | BE59: 0 | BF59: 0 | BG59: 0 | BH59: 0
A60: 43831 | B60: =C60+AJ60 -> 39 | C60: 34 | D60: =COUNTIFS(发射纪录!$B:$B,"<>-",发射纪录!$G:$G,">="&DATE(YEAR($A60),1,1),发射纪录!$G:$G,"<="&DATE(YEAR($A60),12,31),发射纪录!$N:$N,"<>",发射纪录!$D:$D,"="&CLEAN(火箭年間統計!D$6)) -> 0 | E60: =COUNTIFS(发射纪录!$B:$B,"<>-",发射纪录!$G:$G,">="&DATE(YEAR($A60),1,1),发射纪录!$G:$G,"<="&DATE(YEAR($A60),12,31),发射纪录!$N:$N,"<>",发射纪录!$D:$D,"="&CLEAN(火箭年間統計!E$6)) -> 0 | F60: =COUNTIFS(发射纪录!$B:$B,"<>-",发射纪录!$G:$G,">="&DATE(YEAR($A60),1,1),发射纪录!$G:$G,"<="&DATE(YEAR($A60),12,31),发射纪录!$N:$N,"<>",发射纪录!$D:$D,"="&CLEAN(火箭年間統計!F$6)) -> 0 | G60: =COUNTIFS(发射纪录!$B:$B,"<>-",发射纪录!$G:$G,">="&DATE(YEAR($A60),1,1),发射纪录!$G:$G,"<="&DATE(YEAR($A60),12,31),发射纪录!$N:$N,"<>",发射纪录!$D:$D,"="&CLEAN(火箭年間統計!G$6)) -> 3 | H60: =COUNTIFS(发射纪录!$B:$B,"<>-",发射纪录!$G:$G,">="&DATE(YEAR($A60),1,1),发射纪录!$G:$G,"<="&DATE(YEAR($A60),12,31),发射纪录!$N:$N,"<>",发射纪录!$D:$D,"="&CLEAN(火箭年間統計!H$6)) -> 7 | I60: =COUNTIFS(发射纪录!$B:$B,"<>-",发射纪录!$G:$G,">="&DATE(YEAR($A60),1,1),发射纪录!$G:$G,"<="&DATE(YEAR($A60),12,31),发射纪录!$N:$N,"<>",发射纪录!$D:$D,"="&CLEAN(火箭年間統計!I$6)) -> 0 | J60: =COUNTIFS(发射纪录!$B:$B,"<>-",发射纪录!$G:$G,">="&DATE(YEAR($A60),1,1),发射纪录!$G:$G,"<="&DATE(YEAR($A60),12,31),发射纪录!$N:$N,"<>",发射纪录!$D:$D,"="&CLEAN(火箭年間統計!J$6)) -> 1 | K60: =COUNTIFS(发射纪录!$B:$B,"<>-",发射纪录!$G:$G,">="&DATE(YEAR($A60),1,1),发射纪录!$G:$G,"<="&DATE(YEAR($A60),12,31),发射纪录!$N:$N,"<>",发射纪录!$D:$D,"="&CLEAN(火箭年間統計!K$6)) -> 0 | L60: =COUNTIFS(发射纪录!$B:$B,"<>-",发射纪录!$G:$G,">="&DATE(YEAR($A60),1,1),发射纪录!$G:$G,"<="&DATE(YEAR($A60),12,31),发射纪录!$N:$N,"<>",发射纪录!$D:$D,"="&CLEAN(火箭年間統計!L$6)) -> 0 | M60: 8 | N60: 0 | O60: 0 | P60: 5 | Q60: 1 | R60: 2 | S60: 1 | T60: 1 | U60: 0 | V60: 0 | W60: 0 | X60: 1 | Y60: 1 | Z60: 1 | AA60: 0 | AB60: 0 | AC60: 0 | AD60: 2 | AE60: 1 | AF60: 0 | AG60: 0 | AH60: 0 | AI60: 1 | AJ60: 5 | AK60: 0 | AL60: 0 | AM60: 0 | AN60: 0 | AO60: 3 | AP60: 1 | AQ60: 0 | AR60: 0 | AS60: 0 | AT60: 0 | AU60: 0 | AV60: 0 | AW60: 0 | AX60: 0 | AY60: 1 | AZ60: 0 | BA60: 1 | BB60: 1 | BC60: 0 | BD60: 0 | BE60: 0 | BF60: 0 | BG60: 0 | BH60: 0
A61: 44197 | B61: =C61+AJ61 -> 55 | C61: =SUM(D61:AE61) -> 48 | D61: =COUNTIFS(发射纪录!$B:$B,"<>-",发射纪录!$G:$G,">="&DATE(YEAR($A61),1,1),发射纪录!$G:$G,"<="&DATE(YEAR($A61),12,31),发射纪录!$N:$N,"<>",发射纪录!$D:$D,"="&CLEAN(火箭年間統計!D$6)) -> 0 | E61: =COUNTIFS(发射纪录!$B:$B,"<>-",发射纪录!$G:$G,">="&DATE(YEAR($A61),1,1),发射纪录!$G:$G,"<="&DATE(YEAR($A61),12,31),发射纪录!$N:$N,"<>",发射纪录!$D:$D,"="&CLEAN(火箭年間統計!E$6)) -> 0 | F61: =COUNTIFS(发射纪录!$B:$B,"<>-",发射纪录!$G:$G,">="&DATE(YEAR($A61),1,1),发射纪录!$G:$G,"<="&DATE(YEAR($A61),12,31),发射纪录!$N:$N,"<>",发射纪录!$D:$D,"="&CLEAN(火箭年間統計!F$6)) -> 0 | G61: =COUNTIFS(发射纪录!$B:$B,"<>-",发射纪录!$G:$G,">="&DATE(YEAR($A61),1,1),发射纪录!$G:$G,"<="&DATE(YEAR($A61),12,31),发射纪录!$N:$N,"<>",发射纪录!$D:$D,"="&CLEAN(火箭年間統計!G$6)) -> 5 | H61: =COUNTIFS(发射纪录!$B:$B,"<>-",发射纪录!$G:$G,">="&DATE(YEAR($A61),1,1),发射纪录!$G:$G,"<="&DATE(YEAR($A61),12,31),发射纪录!$N:$N,"<>",发射纪录!$D:$D,"="&CLEAN(火箭年間統計!H$6)) -> 6 | I61: =COUNTIFS(发射纪录!$B:$B,"<>-",发射纪录!$G:$G,">="&DATE(YEAR($A61),1,1),发射纪录!$G:$G,"<="&DATE(YEAR($A61),12,31),发射纪录!$N:$N,"<>",发射纪录!$D:$D,"="&CLEAN(火箭年間統計!I$6)) -> 0 | J61: =COUNTIFS(发射纪录!$B:$B,"<>-",发射纪录!$G:$G,">="&DATE(YEAR($A61),1,1),发射纪录!$G:$G,"<="&DATE(YEAR($A61),12,31),发射纪录!$N:$N,"<>",发射纪录!$D:$D,"="&CLEAN(火箭年間統計!J$6)) -> 2 | K61: =COUNTIFS(发射纪录!$B:$B,"<>-",发射纪录!$G:$G,">="&DATE(YEAR($A61),1,1),发射纪录!$G:$G,"<="&DATE(YEAR($A61),12,31),发射纪录!$N:$N,"<>",发射纪录!$D:$D,"="&CLEAN(火箭年間統計!K$6)) -> 0 | ... AI61: =COUNTIFS(发射纪录!$B:$B,"<>-",发射纪录!$G:$G,">="&DATE(YEAR($A61),1,1),发射纪录!$G:$G,"<="&DATE(YEAR($A61),12,31),发射纪录!$N:$N,"<>",发射纪录!$D:$D,"="&CLEAN(火箭年間統計!AI$6)) -> 0 | AJ61: =SUM(AK61:BG61) -> 7 | AK61: =COUNTIFS(发射纪录!$C:$C,"<>-",发射纪录!$G:$G,">="&DATE(YEAR($A61),1,1),发射纪录!$G:$G,"<="&DATE(YEAR($A61),12,31),发射纪录!$N:$N,"<>",发射纪录!$D:$D,"="&CLEAN(火箭年間統計!AK$6)) -> 0 | AL61: =COUNTIFS(发射纪录!$C:$C,"<>-",发射纪录!$G:$G,">="&DATE(YEAR($A61),1,1),发射纪录!$G:$G,"<="&DATE(YEAR($A61),12,31),发射纪录!$N:$N,"<>",发射纪录!$D:$D,"="&CLEAN(火箭年間統計!AL$6)) -> 0 | AM61: =COUNTIFS(发射纪录!$C:$C,"<>-",发射纪录!$G:$G,">="&DATE(YEAR($A61),1,1),发射纪录!$G:$G,"<="&DATE(YEAR($A61),12,31),发射纪录!$N:$N,"<>",发射纪录!$D:$D,"="&CLEAN(火箭年間統計!AM$6)) -> 0 | AN61: =COUNTIFS(发射纪录!$C:$C,"<>-",发射纪录!$G:$G,">="&DATE(YEAR($A61),1,1),发射纪录!$G:$G,"<="&DATE(YEAR($A61),12,31),发射纪录!$N:$N,"<>",发射纪录!$D:$D,"="&CLEAN(火箭年間統計!AN$6)) -> 0 | AO61: =COUNTIFS(发射纪录!$C:$C,"<>-",发射纪录!$G:$G,">="&DATE(YEAR($A61),1,1),发射纪录!$G:$G,"<="&DATE(YEAR($A61),12,31),发射纪录!$N:$N,"<>",发射纪录!$D:$D,"="&CLEAN(火箭年間統計!AO$6)) -> 4 | AP61: =COUNTIFS(发射纪录!$C:$C,"<>-",发射纪录!$G:$G,">="&DATE(YEAR($A61),1,1),发射纪录!$G:$G,"<="&DATE(YEAR($A61),12,31),发射纪录!$N:$N,"<>",发射纪录!$D:$D,"="&CLEAN(火箭年間統計!AP$6)) -> 0 | AQ61: =COUNTIFS(发射纪录!$C:$C,"<>-",发射纪录!$G:$G,">="&DATE(YEAR($A61),1,1),发射纪录!$G:$G,"<="&DATE(YEAR($A61),12,31),发射纪录!$N:$N,"<>",发射纪录!$D:$D,"="&CLEAN(火箭年間統計!AQ$6)) -> 0 | AR61: =COUNTIFS(发射纪录!$C:$C,"<>-",发射纪录!$G:$G,">="&DATE(YEAR($A61),1,1),发射纪录!$G:$G,"<="&DATE(YEAR($A61),12,31),发射纪录!$N:$N,"<>",发射纪录!$D:$D,"="&CLEAN(火箭年間統計!AR$6)) -> 0 | ... BH61: =COUNTIFS(发射纪录!$C:$C,"<>-",发射纪录!$G:$G,">="&DATE(YEAR($A61),1,1),发射纪录!$G:$G,"<="&DATE(YEAR($A61),12,31),发射纪录!$N:$N,"<>",发射纪录!$D:$D,"="&CLEAN(火箭年間統計!BH$6)) -> 0
A62: 44562 | B62: =C62+AJ62 -> 64 | C62: =SUM(D62:AE62) -> 53 | D62: =COUNTIFS(发射纪录!$B:$B,"<>-",发射纪录!$G:$G,">="&DATE(YEAR($A62),1,1),发射纪录!$G:$G,"<="&DATE(YEAR($A62),12,31),发射纪录!$N:$N,"<>",发射纪录!$D:$D,"="&CLEAN(火箭年間統計!D$6)) -> 0 | E62: =COUNTIFS(发射纪录!$B:$B,"<>-",发射纪录!$G:$G,">="&DATE(YEAR($A62),1,1),发射纪录!$G:$G,"<="&DATE(YEAR($A62),12,31),发射纪录!$N:$N,"<>",发射纪录!$D:$D,"="&CLEAN(火箭年間統計!E$6)) -> 0 | F62: =COUNTIFS(发射纪录!$B:$B,"<>-",发射纪录!$G:$G,">="&DATE(YEAR($A62),1,1),发射纪录!$G:$G,"<="&DATE(YEAR($A62),12,31),发射纪录!$N:$N,"<>",发射纪录!$D:$D,"="&CLEAN(火箭年間統計!F$6)) -> 0 | G62: =COUNTIFS(发射纪录!$B:$B,"<>-",发射纪录!$G:$G,">="&DATE(YEAR($A62),1,1),发射纪录!$G:$G,"<="&DATE(YEAR($A62),12,31),发射纪录!$N:$N,"<>",发射纪录!$D:$D,"="&CLEAN(火箭年間統計!G$6)) -> 6 | H62: =COUNTIFS(发射纪录!$B:$B,"<>-",发射纪录!$G:$G,">="&DATE(YEAR($A62),1,1),发射纪录!$G:$G,"<="&DATE(YEAR($A62),12,31),发射纪录!$N:$N,"<>",发射纪录!$D:$D,"="&CLEAN(火箭年間統計!H$6)) -> 15 | I62: =COUNTIFS(发射纪录!$B:$B,"<>-",发射纪录!$G:$G,">="&DATE(YEAR($A62),1,1),发射纪录!$G:$G,"<="&DATE(YEAR($A62),12,31),发射纪录!$N:$N,"<>",发射纪录!$D:$D,"="&CLEAN(火箭年間統計!I$6)) -> 0 | J62: =COUNTIFS(发射纪录!$B:$B,"<>-",发射纪录!$G:$G,">="&DATE(YEAR($A62),1,1),发射纪录!$G:$G,"<="&DATE(YEAR($A62),12,31),发射纪录!$N:$N,"<>",发射纪录!$D:$D,"="&CLEAN(火箭年間統計!J$6)) -> 3 | K62: =COUNTIFS(发射纪录!$B:$B,"<>-",发射纪录!$G:$G,">="&DATE(YEAR($A62),1,1),发射纪录!$G:$G,"<="&DATE(YEAR($A62),12,31),发射纪录!$N:$N,"<>",发射纪录!$D:$D,"="&CLEAN(火箭年間統計!K$6)) -> 0 | ... AI62: =COUNTIFS(发射纪录!$B:$B,"<>-",发射纪录!$G:$G,">="&DATE(YEAR($A62),1,1),发射纪录!$G:$G,"<="&DATE(YEAR($A62),12,31),发射纪录!$N:$N,"<>",发射纪录!$D:$D,"="&CLEAN(火箭年間統計!AI$6)) -> 0 | AJ62: =SUM(AK62:BG62) -> 11 | AK62: =COUNTIFS(发射纪录!$C:$C,"<>-",发射纪录!$G:$G,">="&DATE(YEAR($A62),1,1),发射纪录!$G:$G,"<="&DATE(YEAR($A62),12,31),发射纪录!$N:$N,"<>",发射纪录!$D:$D,"="&CLEAN(火箭年間統計!AK$6)) -> 0 | AL62: =COUNTIFS(发射纪录!$C:$C,"<>-",发射纪录!$G:$G,">="&DATE(YEAR($A62),1,1),发射纪录!$G:$G,"<="&DATE(YEAR($A62),12,31),发射纪录!$N:$N,"<>",发射纪录!$D:$D,"="&CLEAN(火箭年間統計!AL$6)) -> 0 | AM62: =COUNTIFS(发射纪录!$C:$C,"<>-",发射纪录!$G:$G,">="&DATE(YEAR($A62),1,1),发射纪录!$G:$G,"<="&DATE(YEAR($A62),12,31),发射纪录!$N:$N,"<>",发射纪录!$D:$D,"="&CLEAN(火箭年間統計!AM$6)) -> 0 | AN62: =COUNTIFS(发射纪录!$C:$C,"<>-",发射纪录!$G:$G,">="&DATE(YEAR($A62),1,1),发射纪录!$G:$G,"<="&DATE(YEAR($A62),12,31),发射纪录!$N:$N,"<>",发射纪录!$D:$D,"="&CLEAN(火箭年間統計!AN$6)) -> 0 | AO62: =COUNTIFS(发射纪录!$C:$C,"<>-",发射纪录!$G:$G,">="&DATE(YEAR($A62),1,1),发射纪录!$G:$G,"<="&DATE(YEAR($A62),12,31),发射纪录!$N:$N,"<>",发射纪录!$D:$D,"="&CLEAN(火箭年間統計!AO$6)) -> 4 | AP62: =COUNTIFS(发射纪录!$C:$C,"<>-",发射纪录!$G:$G,">="&DATE(YEAR($A62),1,1),发射纪录!$G:$G,"<="&DATE(YEAR($A62),12,31),发射纪录!$N:$N,"<>",发射纪录!$D:$D,"="&CLEAN(火箭年間統計!AP$6)) -> 1 | AQ62: =COUNTIFS(发射纪录!$C:$C,"<>-",发射纪录!$G:$G,">="&DATE(YEAR($A62),1,1),发射纪录!$G:$G,"<="&DATE(YEAR($A62),12,31),发射纪录!$N:$N,"<>",发射纪录!$D:$D,"="&CLEAN(火箭年間統計!AQ$6)) -> 0 | AR62: =COUNTIFS(发射纪录!$C:$C,"<>-",发射纪录!$G:$G,">="&DATE(YEAR($A62),1,1),发射纪录!$G:$G,"<="&DATE(YEAR($A62),12,31),发射纪录!$N:$N,"<>",发射纪录!$D:$D,"="&CLEAN(火箭年間統計!AR$6)) -> 1 | ... BH62: =COUNTIFS(发射纪录!$C:$C,"<>-",发射纪录!$G:$G,">="&DATE(YEAR($A62),1,1),发射纪录!$G:$G,"<="&DATE(YEAR($A62),12,31),发射纪录!$N:$N,"<>",发射纪录!$D:$D,"="&CLEAN(火箭年間統計!BH$6)) -> 0
A63: 44927 | B63: =C63+AJ63 -> 67 | C63: =SUM(D63:AE63) -> 47 | D63: =COUNTIFS(发射纪录!$B:$B,"<>-",发射纪录!$G:$G,">="&DATE(YEAR($A63),1,1),发射纪录!$G:$G,"<="&DATE(YEAR($A63),12,31),发射纪录!$N:$N,"<>",发射纪录!$D:$D,"="&CLEAN(火箭年間統計!D$6)) -> 0 | E63: =COUNTIFS(发射纪录!$B:$B,"<>-",发射纪录!$G:$G,">="&DATE(YEAR($A63),1,1),发射纪录!$G:$G,"<="&DATE(YEAR($A63),12,31),发射纪录!$N:$N,"<>",发射纪录!$D:$D,"="&CLEAN(火箭年間統計!E$6)) -> 0 | F63: =COUNTIFS(发射纪录!$B:$B,"<>-",发射纪录!$G:$G,">="&DATE(YEAR($A63),1,1),发射纪录!$G:$G,"<="&DATE(YEAR($A63),12,31),发射纪录!$N:$N,"<>",发射纪录!$D:$D,"="&CLEAN(火箭年間統計!F$6)) -> 0 | G63: =COUNTIFS(发射纪录!$B:$B,"<>-",发射纪录!$G:$G,">="&DATE(YEAR($A63),1,1),发射纪录!$G:$G,"<="&DATE(YEAR($A63),12,31),发射纪录!$N:$N,"<>",发射纪录!$D:$D,"="&CLEAN(火箭年間統計!G$6)) -> 9 | H63: =COUNTIFS(发射纪录!$B:$B,"<>-",发射纪录!$G:$G,">="&DATE(YEAR($A63),1,1),发射纪录!$G:$G,"<="&DATE(YEAR($A63),12,31),发射纪录!$N:$N,"<>",发射纪录!$D:$D,"="&CLEAN(火箭年間統計!H$6)) -> 13 | I63: =COUNTIFS(发射纪录!$B:$B,"<>-",发射纪录!$G:$G,">="&DATE(YEAR($A63),1,1),发射纪录!$G:$G,"<="&DATE(YEAR($A63),12,31),发射纪录!$N:$N,"<>",发射纪录!$D:$D,"="&CLEAN(火箭年間統計!I$6)) -> 0 | J63: =COUNTIFS(发射纪录!$B:$B,"<>-",发射纪录!$G:$G,">="&DATE(YEAR($A63),1,1),发射纪录!$G:$G,"<="&DATE(YEAR($A63),12,31),发射纪录!$N:$N,"<>",发射纪录!$D:$D,"="&CLEAN(火箭年間統計!J$6)) -> 3 | K63: =COUNTIFS(发射纪录!$B:$B,"<>-",发射纪录!$G:$G,">="&DATE(YEAR($A63),1,1),发射纪录!$G:$G,"<="&DATE(YEAR($A63),12,31),发射纪录!$N:$N,"<>",发射纪录!$D:$D,"="&CLEAN(火箭年間統計!K$6)) -> 0 | ... AI63: =COUNTIFS(发射纪录!$B:$B,"<>-",发射纪录!$G:$G,">="&DATE(YEAR($A63),1,1),发射纪录!$G:$G,"<="&DATE(YEAR($A63),12,31),发射纪录!$N:$N,"<>",发射纪录!$D:$D,"="&CLEAN(火箭年間統計!AI$6)) -> 0 | AJ63: =SUM(AK63:BG63) -> 20 | AK63: =COUNTIFS(发射纪录!$C:$C,"<>-",发射纪录!$G:$G,">="&DATE(YEAR($A63),1,1),发射纪录!$G:$G,"<="&DATE(YEAR($A63),12,31),发射纪录!$N:$N,"<>",发射纪录!$D:$D,"="&CLEAN(火箭年間統計!AK$6)) -> 0 | AL63: =COUNTIFS(发射纪录!$C:$C,"<>-",发射纪录!$G:$G,">="&DATE(YEAR($A63),1,1),发射纪录!$G:$G,"<="&DATE(YEAR($A63),12,31),发射纪录!$N:$N,"<>",发射纪录!$D:$D,"="&CLEAN(火箭年間統計!AL$6)) -> 0 | AM63: =COUNTIFS(发射纪录!$C:$C,"<>-",发射纪录!$G:$G,">="&DATE(YEAR($A63),1,1),发射纪录!$G:$G,"<="&DATE(YEAR($A63),12,31),发射纪录!$N:$N,"<>",发射纪录!$D:$D,"="&CLEAN(火箭年間統計!AM$6)) -> 0 | AN63: =COUNTIFS(发射纪录!$C:$C,"<>-",发射纪录!$G:$G,">="&DATE(YEAR($A63),1,1),发射纪录!$G:$G,"<="&DATE(YEAR($A63),12,31),发射纪录!$N:$N,"<>",发射纪录!$D:$D,"="&CLEAN(火箭年間統計!AN$6)) -> 0 | AO63: =COUNTIFS(发射纪录!$C:$C,"<>-",发射纪录!$G:$G,">="&DATE(YEAR($A63),1,1),发射纪录!$G:$G,"<="&DATE(YEAR($A63),12,31),发射纪录!$N:$N,"<>",发射纪录!$D:$D,"="&CLEAN(火箭年間統計!AO$6)) -> 6 | AP63: =COUNTIFS(发射纪录!$C:$C,"<>-",发射纪录!$G:$G,">="&DATE(YEAR($A63),1,1),发射纪录!$G:$G,"<="&DATE(YEAR($A63),12,31),发射纪录!$N:$N,"<>",发射纪录!$D:$D,"="&CLEAN(火箭年間統計!AP$6)) -> 0 | AQ63: =COUNTIFS(发射纪录!$C:$C,"<>-",发射纪录!$G:$G,">="&DATE(YEAR($A63),1,1),发射纪录!$G:$G,"<="&DATE(YEAR($A63),12,31),发射纪录!$N:$N,"<>",发射纪录!$D:$D,"="&CLEAN(火箭年間統計!AQ$6)) -> 0 | AR63: =COUNTIFS(发射纪录!$C:$C,"<>-",发射纪录!$G:$G,">="&DATE(YEAR($A63),1,1),发射纪录!$G:$G,"<="&DATE(YEAR($A63),12,31),发射纪录!$N:$N,"<>",发射纪录!$D:$D,"="&CLEAN(火箭年間統計!AR$6)) -> 2 | ... BH63: =COUNTIFS(发射纪录!$C:$C,"<>-",发射纪录!$G:$G,">="&DATE(YEAR($A63),1,1),发射纪录!$G:$G,"<="&DATE(YEAR($A63),12,31),发射纪录!$N:$N,"<>",发射纪录!$D:$D,"="&CLEAN(火箭年間統計!BH$6)) -> 0
A64: 45292 | B64: =C64+AJ64 -> 68 | C64: =SUM(D64:AF64) -> 49 | D64: =COUNTIFS(发射纪录!$B:$B,"<>-",发射纪录!$G:$G,">="&DATE(YEAR($A64),1,1),发射纪录!$G:$G,"<="&DATE(YEAR($A64),12,31),发射纪录!$N:$N,"<>",发射纪录!$D:$D,"="&CLEAN(火箭年間統計!D$6)) -> 0 | E64: =COUNTIFS(发射纪录!$B:$B,"<>-",发射纪录!$G:$G,">="&DATE(YEAR($A64),1,1),发射纪录!$G:$G,"<="&DATE(YEAR($A64),12,31),发射纪录!$N:$N,"<>",发射纪录!$D:$D,"="&CLEAN(火箭年間統計!E$6)) -> 0 | F64: =COUNTIFS(发射纪录!$B:$B,"<>-",发射纪录!$G:$G,">="&DATE(YEAR($A64),1,1),发射纪录!$G:$G,"<="&DATE(YEAR($A64),12,31),发射纪录!$N:$N,"<>",发射纪录!$D:$D,"="&CLEAN(火箭年間統計!F$6)) -> 0 | G64: =COUNTIFS(发射纪录!$B:$B,"<>-",发射纪录!$G:$G,">="&DATE(YEAR($A64),1,1),发射纪录!$G:$G,"<="&DATE(YEAR($A64),12,31),发射纪录!$N:$N,"<>",发射纪录!$D:$D,"="&CLEAN(火箭年間統計!G$6)) -> 7 | H64: =COUNTIFS(发射纪录!$B:$B,"<>-",发射纪录!$G:$G,">="&DATE(YEAR($A64),1,1),发射纪录!$G:$G,"<="&DATE(YEAR($A64),12,31),发射纪录!$N:$N,"<>",发射纪录!$D:$D,"="&CLEAN(火箭年間統計!H$6)) -> 9 | I64: =COUNTIFS(发射纪录!$B:$B,"<>-",发射纪录!$G:$G,">="&DATE(YEAR($A64),1,1),发射纪录!$G:$G,"<="&DATE(YEAR($A64),12,31),发射纪录!$N:$N,"<>",发射纪录!$D:$D,"="&CLEAN(火箭年間統計!I$6)) -> 0 | J64: =COUNTIFS(发射纪录!$B:$B,"<>-",发射纪录!$G:$G,">="&DATE(YEAR($A64),1,1),发射纪录!$G:$G,"<="&DATE(YEAR($A64),12,31),发射纪录!$N:$N,"<>",发射纪录!$D:$D,"="&CLEAN(火箭年間統計!J$6)) -> 2 | K64: =COUNTIFS(发射纪录!$B:$B,"<>-",发射纪录!$G:$G,">="&DATE(YEAR($A64),1,1),发射纪录!$G:$G,"<="&DATE(YEAR($A64),12,31),发射纪录!$N:$N,"<>",发射纪录!$D:$D,"="&CLEAN(火箭年間統計!K$6)) -> 0 | ... AI64: =COUNTIFS(发射纪录!$B:$B,"<>-",发射纪录!$G:$G,">="&DATE(YEAR($A64),1,1),发射纪录!$G:$G,"<="&DATE(YEAR($A64),12,31),发射纪录!$N:$N,"<>",发射纪录!$D:$D,"="&CLEAN(火箭年間統計!AI$6)) -> 0 | AJ64: =SUM(AK64:BG64) -> 19 | AK64: =COUNTIFS(发射纪录!$C:$C,"<>-",发射纪录!$G:$G,">="&DATE(YEAR($A64),1,1),发射纪录!$G:$G,"<="&DATE(YEAR($A64),12,31),发射纪录!$N:$N,"<>",发射纪录!$D:$D,"="&CLEAN(火箭年間統計!AK$6)) -> 0 | AL64: =COUNTIFS(发射纪录!$C:$C,"<>-",发射纪录!$G:$G,">="&DATE(YEAR($A64),1,1),发射纪录!$G:$G,"<="&DATE(YEAR($A64),12,31),发射纪录!$N:$N,"<>",发射纪录!$D:$D,"="&CLEAN(火箭年間統計!AL$6)) -> 0 | AM64: =COUNTIFS(发射纪录!$C:$C,"<>-",发射纪录!$G:$G,">="&DATE(YEAR($A64),1,1),发射纪录!$G:$G,"<="&DATE(YEAR($A64),12,31),发射纪录!$N:$N,"<>",发射纪录!$D:$D,"="&CLEAN(火箭年間統計!AM$6)) -> 0 | AN64: =COUNTIFS(发射纪录!$C:$C,"<>-",发射纪录!$G:$G,">="&DATE(YEAR($A64),1,1),发射纪录!$G:$G,"<="&DATE(YEAR($A64),12,31),发射纪录!$N:$N,"<>",发射纪录!$D:$D,"="&CLEAN(火箭年間統計!AN$6)) -> 0 | AO64: =COUNTIFS(发射纪录!$C:$C,"<>-",发射纪录!$G:$G,">="&DATE(YEAR($A64),1,1),发射纪录!$G:$G,"<="&DATE(YEAR($A64),12,31),发射纪录!$N:$N,"<>",发射纪录!$D:$D,"="&CLEAN(火箭年間統計!AO$6)) -> 4 | AP64: =COUNTIFS(发射纪录!$C:$C,"<>-",发射纪录!$G:$G,">="&DATE(YEAR($A64),1,1),发射纪录!$G:$G,"<="&DATE(YEAR($A64),12,31),发射纪录!$N:$N,"<>",发射纪录!$D:$D,"="&CLEAN(火箭年間統計!AP$6)) -> 1 | AQ64: =COUNTIFS(发射纪录!$C:$C,"<>-",发射纪录!$G:$G,">="&DATE(YEAR($A64),1,1),发射纪录!$G:$G,"<="&DATE(YEAR($A64),12,31),发射纪录!$N:$N,"<>",发射纪录!$D:$D,"="&CLEAN(火箭年間統計!AQ$6)) -> 0 | AR64: =COUNTIFS(发射纪录!$C:$C,"<>-",发射纪录!$G:$G,">="&DATE(YEAR($A64),1,1),发射纪录!$G:$G,"<="&DATE(YEAR($A64),12,31),发射纪录!$N:$N,"<>",发射纪录!$D:$D,"="&CLEAN(火箭年間統計!AR$6)) -> 0 | ... BH64: =COUNTIFS(发射纪录!$C:$C,"<>-",发射纪录!$G:$G,">="&DATE(YEAR($A64),1,1),发射纪录!$G:$G,"<="&DATE(YEAR($A64),12,31),发射纪录!$N:$N,"<>",发射纪录!$D:$D,"="&CLEAN(火箭年間統計!BH$6)) -> 0
A65: 45658 | B65: =C65+AJ65 -> 92 | C65: =SUM(D65:AH65) -> 69 | D65: =COUNTIFS(发射纪录!$B:$B,"<>-",发射纪录!$G:$G,">="&DATE(YEAR($A65),1,1),发射纪录!$G:$G,"<="&DATE(YEAR($A65),12,31),发射纪录!$N:$N,"<>",发射纪录!$D:$D,"="&CLEAN(火箭年間統計!D$6)) -> 0 | E65: =COUNTIFS(发射纪录!$B:$B,"<>-",发射纪录!$G:$G,">="&DATE(YEAR($A65),1,1),发射纪录!$G:$G,"<="&DATE(YEAR($A65),12,31),发射纪录!$N:$N,"<>",发射纪录!$D:$D,"="&CLEAN(火箭年間統計!E$6)) -> 0 | F65: =COUNTIFS(发射纪录!$B:$B,"<>-",发射纪录!$G:$G,">="&DATE(YEAR($A65),1,1),发射纪录!$G:$G,"<="&DATE(YEAR($A65),12,31),发射纪录!$N:$N,"<>",发射纪录!$D:$D,"="&CLEAN(火箭年間統計!F$6)) -> 0 | G65: =COUNTIFS(发射纪录!$B:$B,"<>-",发射纪录!$G:$G,">="&DATE(YEAR($A65),1,1),发射纪录!$G:$G,"<="&DATE(YEAR($A65),12,31),发射纪录!$N:$N,"<>",发射纪录!$D:$D,"="&CLEAN(火箭年間統計!G$6)) -> 3 | H65: =COUNTIFS(发射纪录!$B:$B,"<>-",发射纪录!$G:$G,">="&DATE(YEAR($A65),1,1),发射纪录!$G:$G,"<="&DATE(YEAR($A65),12,31),发射纪录!$N:$N,"<>",发射纪录!$D:$D,"="&CLEAN(火箭年間統計!H$6)) -> 7 | I65: =COUNTIFS(发射纪录!$B:$B,"<>-",发射纪录!$G:$G,">="&DATE(YEAR($A65),1,1),发射纪录!$G:$G,"<="&DATE(YEAR($A65),12,31),发射纪录!$N:$N,"<>",发射纪录!$D:$D,"="&CLEAN(火箭年間統計!I$6)) -> 0 | J65: =COUNTIFS(发射纪录!$B:$B,"<>-",发射纪录!$G:$G,">="&DATE(YEAR($A65),1,1),发射纪录!$G:$G,"<="&DATE(YEAR($A65),12,31),发射纪录!$N:$N,"<>",发射纪录!$D:$D,"="&CLEAN(火箭年間統計!J$6)) -> 3 | K65: =COUNTIFS(发射纪录!$B:$B,"<>-",发射纪录!$G:$G,">="&DATE(YEAR($A65),1,1),发射纪录!$G:$G,"<="&DATE(YEAR($A65),12,31),发射纪录!$N:$N,"<>",发射纪录!$D:$D,"="&CLEAN(火箭年間統計!K$6)) -> 0 | ... AI65: =COUNTIFS(发射纪录!$B:$B,"<>-",发射纪录!$G:$G,">="&DATE(YEAR($A65),1,1),发射纪录!$G:$G,"<="&DATE(YEAR($A65),12,31),发射纪录!$N:$N,"<>",发射纪录!$D:$D,"="&CLEAN(火箭年間統計!AI$6)) -> 0 | AJ65: =SUM(AK65:BG65) -> 23 | AK65: =COUNTIFS(发射纪录!$C:$C,"<>-",发射纪录!$G:$G,">="&DATE(YEAR($A65),1,1),发射纪录!$G:$G,"<="&DATE(YEAR($A65),12,31),发射纪录!$N:$N,"<>",发射纪录!$D:$D,"="&CLEAN(火箭年間統計!AK$6)) -> 0 | AL65: =COUNTIFS(发射纪录!$C:$C,"<>-",发射纪录!$G:$G,">="&DATE(YEAR($A65),1,1),发射纪录!$G:$G,"<="&DATE(YEAR($A65),12,31),发射纪录!$N:$N,"<>",发射纪录!$D:$D,"="&CLEAN(火箭年間統計!AL$6)) -> 0 | AM65: =COUNTIFS(发射纪录!$C:$C,"<>-",发射纪录!$G:$G,">="&DATE(YEAR($A65),1,1),发射纪录!$G:$G,"<="&DATE(YEAR($A65),12,31),发射纪录!$N:$N,"<>",发射纪录!$D:$D,"="&CLEAN(火箭年間統計!AM$6)) -> 0 | AN65: =COUNTIFS(发射纪录!$C:$C,"<>-",发射纪录!$G:$G,">="&DATE(YEAR($A65),1,1),发射纪录!$G:$G,"<="&DATE(YEAR($A65),12,31),发射纪录!$N:$N,"<>",发射纪录!$D:$D,"="&CLEAN(火箭年間統計!AN$6)) -> 0 | AO65: =COUNTIFS(发射纪录!$C:$C,"<>-",发射纪录!$G:$G,">="&DATE(YEAR($A65),1,1),发射纪录!$G:$G,"<="&DATE(YEAR($A65),12,31),发射纪录!$N:$N,"<>",发射纪录!$D:$D,"="&CLEAN(火箭年間統計!AO$6)) -> 2 | AP65: =COUNTIFS(发射纪录!$C:$C,"<>-",发射纪录!$G:$G,">="&DATE(YEAR($A65),1,1),发射纪录!$G:$G,"<="&DATE(YEAR($A65),12,31),发射纪录!$N:$N,"<>",发射纪录!$D:$D,"="&CLEAN(火箭年間統計!AP$6)) -> 1 | AQ65: =COUNTIFS(发射纪录!$C:$C,"<>-",发射纪录!$G:$G,">="&DATE(YEAR($A65),1,1),发射纪录!$G:$G,"<="&DATE(YEAR($A65),12,31),发射纪录!$N:$N,"<>",发射纪录!$D:$D,"="&CLEAN(火箭年間統計!AQ$6)) -> 0 | AR65: =COUNTIFS(发射纪录!$C:$C,"<>-",发射纪录!$G:$G,">="&DATE(YEAR($A65),1,1),发射纪录!$G:$G,"<="&DATE(YEAR($A65),12,31),发射纪录!$N:$N,"<>",发射纪录!$D:$D,"="&CLEAN(火箭年間統計!AR$6)) -> 0 | ... BH65: =COUNTIFS(发射纪录!$C:$C,"<>-",发射纪录!$G:$G,">="&DATE(YEAR($A65),1,1),发射纪录!$G:$G,"<="&DATE(YEAR($A65),12,31),发射纪录!$N:$N,"<>",发射纪录!$D:$D,"="&CLEAN(火箭年間統計!BH$6)) -> 0
A66: 46023 | B66: =C66+AJ66 -> 47 | C66: =SUM(D66:AH66) -> 33 | D66: =COUNTIFS(发射纪录!$B:$B,"<>-",发射纪录!$G:$G,">="&DATE(YEAR($A66),1,1),发射纪录!$G:$G,"<="&DATE(YEAR($A66),12,31),发射纪录!$N:$N,"<>",发射纪录!$D:$D,"="&CLEAN(火箭年間統計!D$6)) -> 0 | E66: =COUNTIFS(发射纪录!$B:$B,"<>-",发射纪录!$G:$G,">="&DATE(YEAR($A66),1,1),发射纪录!$G:$G,"<="&DATE(YEAR($A66),12,31),发射纪录!$N:$N,"<>",发射纪录!$D:$D,"="&CLEAN(火箭年間統計!E$6)) -> 0 | F66: =COUNTIFS(发射纪录!$B:$B,"<>-",发射纪录!$G:$G,">="&DATE(YEAR($A66),1,1),发射纪录!$G:$G,"<="&DATE(YEAR($A66),12,31),发射纪录!$N:$N,"<>",发射纪录!$D:$D,"="&CLEAN(火箭年間統計!F$6)) -> 0 | G66: =COUNTIFS(发射纪录!$B:$B,"<>-",发射纪录!$G:$G,">="&DATE(YEAR($A66),1,1),发射纪录!$G:$G,"<="&DATE(YEAR($A66),12,31),发射纪录!$N:$N,"<>",发射纪录!$D:$D,"="&CLEAN(火箭年間統計!G$6)) -> 3 | H66: =COUNTIFS(发射纪录!$B:$B,"<>-",发射纪录!$G:$G,">="&DATE(YEAR($A66),1,1),发射纪录!$G:$G,"<="&DATE(YEAR($A66),12,31),发射纪录!$N:$N,"<>",发射纪录!$D:$D,"="&CLEAN(火箭年間統計!H$6)) -> 4 | I66: =COUNTIFS(发射纪录!$B:$B,"<>-",发射纪录!$G:$G,">="&DATE(YEAR($A66),1,1),发射纪录!$G:$G,"<="&DATE(YEAR($A66),12,31),发射纪录!$N:$N,"<>",发射纪录!$D:$D,"="&CLEAN(火箭年間統計!I$6)) -> 0 | J66: =COUNTIFS(发射纪录!$B:$B,"<>-",发射纪录!$G:$G,">="&DATE(YEAR($A66),1,1),发射纪录!$G:$G,"<="&DATE(YEAR($A66),12,31),发射纪录!$N:$N,"<>",发射纪录!$D:$D,"="&CLEAN(火箭年間統計!J$6)) -> 2 | K66: =COUNTIFS(发射纪录!$B:$B,"<>-",发射纪录!$G:$G,">="&DATE(YEAR($A66),1,1),发射纪录!$G:$G,"<="&DATE(YEAR($A66),12,31),发射纪录!$N:$N,"<>",发射纪录!$D:$D,"="&CLEAN(火箭年間統計!K$6)) -> 0 | ... AI66: =COUNTIFS(发射纪录!$B:$B,"<>-",发射纪录!$G:$G,">="&DATE(YEAR($A66),1,1),发射纪录!$G:$G,"<="&DATE(YEAR($A66),12,31),发射纪录!$N:$N,"<>",发射纪录!$D:$D,"="&CLEAN(火箭年間統計!AI$6)) -> 0 | AJ66: =SUM(AK66:BG66) -> 14 | AK66: =COUNTIFS(发射纪录!$C:$C,"<>-",发射纪录!$G:$G,">="&DATE(YEAR($A66),1,1),发射纪录!$G:$G,"<="&DATE(YEAR($A66),12,31),发射纪录!$N:$N,"<>",发射纪录!$D:$D,"="&CLEAN(火箭年間統計!AK$6)) -> 0 | AL66: =COUNTIFS(发射纪录!$C:$C,"<>-",发射纪录!$G:$G,">="&DATE(YEAR($A66),1,1),发射纪录!$G:$G,"<="&DATE(YEAR($A66),12,31),发射纪录!$N:$N,"<>",发射纪录!$D:$D,"="&CLEAN(火箭年間統計!AL$6)) -> 0 | AM66: =COUNTIFS(发射纪录!$C:$C,"<>-",发射纪录!$G:$G,">="&DATE(YEAR($A66),1,1),发射纪录!$G:$G,"<="&DATE(YEAR($A66),12,31),发射纪录!$N:$N,"<>",发射纪录!$D:$D,"="&CLEAN(火箭年間統計!AM$6)) -> 0 | AN66: =COUNTIFS(发射纪录!$C:$C,"<>-",发射纪录!$G:$G,">="&DATE(YEAR($A66),1,1),发射纪录!$G:$G,"<="&DATE(YEAR($A66),12,31),发射纪录!$N:$N,"<>",发射纪录!$D:$D,"="&CLEAN(火箭年間統計!AN$6)) -> 0 | AO66: =COUNTIFS(发射纪录!$C:$C,"<>-",发射纪录!$G:$G,">="&DATE(YEAR($A66),1,1),发射纪录!$G:$G,"<="&DATE(YEAR($A66),12,31),发射纪录!$N:$N,"<>",发射纪录!$D:$D,"="&CLEAN(火箭年間統計!AO$6)) -> 0 | AP66: =COUNTIFS(发射纪录!$C:$C,"<>-",发射纪录!$G:$G,">="&DATE(YEAR($A66),1,1),发射纪录!$G:$G,"<="&DATE(YEAR($A66),12,31),发射纪录!$N:$N,"<>",发射纪录!$D:$D,"="&CLEAN(火箭年間統計!AP$6)) -> 2 | AQ66: =COUNTIFS(发射纪录!$C:$C,"<>-",发射纪录!$G:$G,">="&DATE(YEAR($A66),1,1),发射纪录!$G:$G,"<="&DATE(YEAR($A66),12,31),发射纪录!$N:$N,"<>",发射纪录!$D:$D,"="&CLEAN(火箭年間統計!AQ$6)) -> 0 | AR66: =COUNTIFS(发射纪录!$C:$C,"<>-",发射纪录!$G:$G,">="&DATE(YEAR($A66),1,1),发射纪录!$G:$G,"<="&DATE(YEAR($A66),12,31),发射纪录!$N:$N,"<>",发射纪录!$D:$D,"="&CLEAN(火箭年間統計!AR$6)) -> 0 | ... BH66: =COUNTIFS(发射纪录!$C:$C,"<>-",发射纪录!$G:$G,">="&DATE(YEAR($A66),1,1),发射纪录!$G:$G,"<="&DATE(YEAR($A66),12,31),发射纪录!$N:$N,"<>",发射纪录!$D:$D,"="&CLEAN(火箭年間統計!BH$6)) -> 0

Sheet 火箭成功率
A1: 状态 | B1: 排序 | C1: 火箭 | E1: 系列 | G1: 其他 | H1: 缩写 | I1: 液固体+级数(助推器) | J1: 火箭 | K1: 占比率 | L1: 成功率 | M1: 成功 | N1: 发射 | O1: LEO(t) | P1: SSO(t)
A2: 现役 | B2: =ROW()-1 -> 1 | C2: CZ | D2: - | E2: 2F | F2: - | G2: 24 | H2: =CONCATENATE(C2,D2,E2,F2,G2) -> CZ-2F-24 | I2: =CONCATENATE(IF(RIGHT(G2,1)="S","固体","液体"),LEFT(G2,1),IF(MID(G2,2,1)<>"0",".5",""),"级(",MID(G2,2,1),"助推器)") -> 液体2.5级(4助推器) | J2: 长征二号己 | K2: =N2/火箭年間統計!$B$9 -> 0.037179487 | L2: =M2/N2 -> 1 | M2: =火箭年間統計!J8 -> 29 | N2: =火箭年間統計!J9 -> 29 | O2: 8.8 | P2: - | Q2: =IF(L2<L3,"×","〇") -> 〇 | R2: 成功率100%
A3: 现役 | B3: =ROW()-1 -> 2 | C3: CZ | D3: - | E3: 6A | F3: - | G3: 24 | H3: =CONCATENATE(C3,D3,E3,F3,G3) -> CZ-6A-24 | I3: =CONCATENATE(IF(RIGHT(G3,1)="S","固体","液体"),LEFT(G3,1),IF(MID(G3,2,1)<>"0",".5",""),"级(",MID(G3,2,1),"助推器)") -> 液体2.5级(4助推器) | J3: 长征六号甲 | K3: =N3/火箭年間統計!$B$9 -> 0.032051282 | L3: =M3/N3 -> 1 | M3: =火箭年間統計!U8 -> 25 | N3: =火箭年間統計!U9 -> 25 | O3: 8 | P3: 6.5 | Q3: =IF(L3<L4,"×","〇") -> 〇 | R3: 成功率100%仅有1发
A4: 现役 | B4: =ROW()-1 -> 3 | C4: CZ | D4: - | E4: 3C | F4: - | G4: 32 | H4: CZ-3C-32 | I4: =CONCATENATE(IF(RIGHT(G4,1)="S","固体","液体"),LEFT(G4,1),IF(MID(G4,2,1)<>"0",".5",""),"级(",MID(G4,2,1),"助推器)") -> 液体3.5级(2助推器) | J4: 长征三号丙 | K4: =N4/火箭年間統計!$B$9 -> 0.025641026 | L4: =M4/N4 -> 1 | M4: =火箭年間統計!N8 -> 20 | N4: =火箭年間統計!N9 -> 20 | O4: 7 | P4: 3.94 | Q4: =IF(L4<L5,"×","〇") -> 〇 | R4: 成功率100%未满
A5: 现役 | B5: =ROW()-1 -> 4 | C5: CZ | D5: - | E5: 11 | F5: - | G5: 40S | H5: =CONCATENATE(C5,D5,E5,F5,G5) -> CZ-11-40S | I5: =CONCATENATE(IF(RIGHT(G5,1)="S","固体","液体"),LEFT(G5,1),IF(MID(G5,2,1)<>"0",".5",""),"级(",MID(G5,2,1),"助推器)") -> 固体4级(0助推器) | J5: 长征十一号 | K5: =N5/火箭年間統計!$B$9 -> 0.015384615 | L5: =M5/N5 -> 1 | M5: =火箭年間統計!AD8 -> 12 | N5: =火箭年間統計!AD9 -> 12 | O5: 0.7 | P5: 0.5 | Q5: =IF(L5<L6,"×","〇") -> 〇 | R5: 成功率50%
A6: 现役 | B6: =ROW()-1 -> 5 | C6: SD | D6: - | E6: 3 | F6: - | G6: 40S | H6: =CONCATENATE(C6,D6,E6,F6,G6) -> SD-3-40S | I6: =CONCATENATE(IF(RIGHT(G6,1)="S","固体","液体"),LEFT(G6,1),IF(MID(G6,2,1)<>"0",".5",""),"级(",MID(G6,2,1),"助推器)") -> 固体4级(0助推器) | J6: 捷龙三号 | K6: =N6/火箭年間統計!$B$9 -> 0.014102564 | L6: =M6/N6 -> 1 | M6: =火箭年間統計!AX8 -> 11 | N6: =火箭年間統計!AX9 -> 11 | O6: 1.6 | P6: 1.5 | Q6: =IF(L6<L7,"×","〇") -> 〇 | R6: 在研准备首飞
A7: 现役 | B7: =ROW()-1 -> 6 | C7: CZ | D7: - | E7: 7 | F7: - | G7: 24 | H7: =CONCATENATE(C7,D7,E7,F7,G7) -> CZ-7-24 | I7: =CONCATENATE(IF(RIGHT(G7,1)="S","固体","液体"),LEFT(G7,1),IF(MID(G7,2,1)<>"0",".5",""),"级(",MID(G7,2,1),"助推器)") -> 液体2.5级(4助推器) | J7: 长征七号 | K7: =N7/火箭年間統計!$B$9 -> 0.014102564 | L7: =M7/N7 -> 1 | M7: =火箭年間統計!W8 -> 11 | N7: =火箭年間統計!W9 -> 11 | O7: 14 | P7: 5.5 | Q7: =IF(L7<L8,"×","〇") -> 〇 | R7: 退役
A8: 现役 | B8: =ROW()-1 -> 7 | C8: CZ | D8: - | E8: 8A | F8: - | G8: 22 | H8: =CONCATENATE(C8,D8,E8,F8,G8) -> CZ-8A-22 | I8: =CONCATENATE(IF(RIGHT(G8,1)="S","固体","液体"),LEFT(G8,1),IF(MID(G8,2,1)<>"0",".5",""),"级(",MID(G8,2,1),"助推器)") -> 液体2.5级(2助推器) | J8: 长征八号甲 | K8: =N8/火箭年間統計!$B$9 -> 0.011538462 | L8: =IF(N8>0,M8/N8,"-") -> 1 | M8: =火箭年間統計!Z8 -> 9 | N8: =火箭年間統計!Z9 -> 9 | O8: 10 | P8: 7 | Q8: =IF(L8<L9,"×","〇") -> 〇
A9: 现役 | B9: =ROW()-1 -> 8 | C9: CZ | D9: - | E9: 5B | F9: - | G9: 14 | H9: =CONCATENATE(C9,D9,E9,F9,G9) -> CZ-5B-14 | I9: =CONCATENATE(IF(RIGHT(G9,1)="S","固体","液体"),LEFT(G9,1),IF(MID(G9,2,1)<>"0",".5",""),"级(",MID(G9,2,1),"助推器)") -> 液体1.5级(4助推器) | J9: 长征五号乙 | K9: =N9/火箭年間統計!$B$9 -> 0.008974359 | L9: =M9/N9 -> 1 | M9: =火箭年間統計!S8 -> 7 | N9: =火箭年間統計!S9 -> 7 | O9: 25 | P9: - | Q9: =IF(L9<L10,"×","〇") -> 〇
A10: 现役 | B10: =ROW()-1 -> 9 | C10: CZ | D10: - | E10: 11H | F10: - | G10: 40S | H10: =CONCATENATE(C10,D10,E10,F10,G10) -> CZ-11H-40S | I10: =CONCATENATE(IF(RIGHT(G10,1)="S","固体","液体"),LEFT(G10,1),IF(MID(G10,2,1)<>"0",".5",""),"级(",MID(G10,2,1),"助推器)") -> 固体4级(0助推器) | J10: 长征十一号海 | K10: =N10/火箭年間統計!$B$9 -> 0.0076923077 | L10: =M10/N10 -> 1 | M10: =火箭年間統計!AE8 -> 6 | N10: =火箭年間統計!AE9 -> 6 | O10: 0.7 | P10: 0.5 | Q10: =IF(L10<L11,"×","〇") -> 〇
A11: 现役 | B11: =ROW()-1 -> 10 | C11: GSX | D11: - | E11: 1S | F11: - | G11: 40S | H11: =CONCATENATE(C11,D11,E11,F11,G11) -> GSX-1S-40S | I11: =CONCATENATE(IF(RIGHT(G11,1)="S","固体","液体"),LEFT(G11,1),IF(MID(G11,2,1)<>"0",".5",""),"级(",MID(G11,2,1),"助推器)") -> 固体4级(0助推器) | J11: 谷神星一号海 | K11: =N11/火箭年間統計!$B$9 -> 0.0076923077 | L11: =IF(N11>0,M11/N11,"-") -> 1 | M11: =火箭年間統計!AZ8 -> 6 | N11: =火箭年間統計!AZ9 -> 6 | O11: 0.4 | P11: 0.3 | Q11: =IF(L11<L49+L50,"×","〇") -> 〇
A12: 现役 | B12: =ROW()-1 -> 11 | C12: CZ | D12: - | E12: 12 | F12: - | G12: 20 | H12: =CONCATENATE(C12,D12,E12,F12,G12) -> CZ-12-20 | I12: =CONCATENATE(IF(RIGHT(G12,1)="S","固体","液体"),LEFT(G12,1),IF(MID(G12,2,1)<>"0",".5",""),"级(",MID(G12,2,1),"助推器)") -> 液体2级(0助推器) | J12: 长征十二号 | K12: =N12/火箭年間統計!$B$9 -> 0.0076923077 | L12: =IF(N12>0,M12/N12,"-") -> 1 | M12: =火箭年間統計!AF8 -> 6 | N12: =火箭年間統計!AF9 -> 6 | O12: 12 | P12: 6 | Q12: =IF(L12<L13,"×","〇") -> 〇
A13: 现役 | B13: =ROW()-1 -> 12 | C13: YL | D13: - | E13: 1 | F13: - | G13: 34S | H13: =CONCATENATE(C13,D13,E13,F13,G13) -> YL-1-34S | I13: =CONCATENATE(IF(RIGHT(G13,1)="S","固体","液体"),LEFT(G13,1),IF(MID(G13,2,1)<>"0",".5",""),"级(",MID(G13,2,1),"助推器)") -> 固体3.5级(4助推器) | J13: 引力一号 | K13: =N13/火箭年間統計!$B$9 -> 0.0025641026 | L13: =IF(N13>0,M13/N13,"-") -> 1 | M13: =火箭年間統計!BG8 -> 2 | N13: =火箭年間統計!BG9 -> 2 | O13: 6.5 | P13: 4.2 | Q13: =IF(L13<L14,"×","〇") -> 〇
A14: 现役 | B14: =ROW()-1 -> 13 | C14: CZ | D14: - | E14: 6C | F14: - | G14: 20 | H14: =CONCATENATE(C14,D14,E14,F14,G14) -> CZ-6C-20 | I14: =CONCATENATE(IF(RIGHT(G14,1)="S","固体","液体"),LEFT(G14,1),IF(MID(G14,2,1)<>"0",".5",""),"级(",MID(G14,2,1),"助推器)") -> 液体2级(0助推器) | J14: 长征六号丙 | K14: =N14/火箭年間統計!$B$9 -> 0.0012820513 | L14: =IF(N14>0,M14/N14,"-") -> 1 | M14: =火箭年間統計!V9 -> 1 | N14: =火箭年間統計!V8 -> 1 | O14: 4.5 | P14: 2.4 | Q14: =IF(L14<L15,"×","〇") -> 〇
A15: 现役 | B15: =ROW()-1 -> 14 | C15: ZQ | D15: - | E15: 3 | F15: - | G15: 20 | H15: =CONCATENATE(C15,D15,E15,F15,G15) -> ZQ-3-20 | I15: =CONCATENATE(IF(RIGHT(G15,1)="S","固体","液体"),LEFT(G15,1),IF(MID(G15,2,1)<>"0",".5",""),"级(",MID(G15,2,1),"助推器)") -> 液体2级(0助推器) | J15: 朱雀三号(1发1级回收失败) | K15: =N15/火箭年間統計!$B$9 -> 0.0012820513 | L15: =IF(N15>0,M15/N15,"-") -> 1 | M15: =火箭年間統計!AT$8 -> 1 | N15: =火箭年間統計!AT$9 -> 1 | O15: 21 | P15: 18 | Q15: =IF(L15<L16,"×","〇") -> 〇
A16: 现役 | B16: =ROW()-1 -> 15 | C16: CZ | D16: - | E16: 12A | F16: - | G16: 20 | H16: =CONCATENATE(C16,D16,E16,F16,G16) -> CZ-12A-20 | I16: =CONCATENATE(IF(RIGHT(G16,1)="S","固体","液体"),LEFT(G16,1),IF(MID(G16,2,1)<>"0",".5",""),"级(",MID(G16,2,1),"助推器)") -> 液体2级(0助推器) | J16: 长征十二号甲(1发1级回收失败) | K16: =N16/火箭年間統計!$B$9 -> 0.0012820513 | L16: =IF(N16>0,M16/N16,"-") -> 1 | M16: =火箭年間統計!AG$8 -> 1 | N16: =火箭年間統計!AG$9 -> 1 | O16: 10 | P16: 6 | Q16: =IF(L16<L17,"×","〇") -> 〇
A17: 现役 | B17: =ROW()-1 -> 16 | C17: LJ | D17: - | E17: 2 | F17: - | G17: 22 | H17: =CONCATENATE(C17,D17,E17,F17,G17) -> LJ-2-22 | I17: =CONCATENATE(IF(RIGHT(G17,1)="S","固体","液体"),LEFT(G17,1),IF(MID(G17,2,1)<>"0",".5",""),"级(",MID(G17,2,1),"助推器)") -> 液体2.5级(2助推器) | J17: 力箭二号 | K17: =N17/火箭年間統計!$B$9 -> 0.0012820513 | L17: =IF(N17>0,M17/N17,"-") -> 1 | M17: =火箭年間統計!BD8 -> 1 | N17: =火箭年間統計!BD$9 -> 1 | O17: 12 | P17: 8 | Q17: =IF(L17<L19,"×","〇") -> 〇
A18: 现役 | B18: =ROW()-1 -> 17 | C18: CZ | D18: - | E18: 12B | F18: - | G18: 20 | H18: =CONCATENATE(C18,D18,E18,F18,G18) -> CZ-12B-20 | I18: =CONCATENATE(IF(RIGHT(G18,1)="S","固体","液体"),LEFT(G18,1),IF(MID(G18,2,1)<>"0",".5",""),"级(",MID(G18,2,1),"助推器)") -> 液体2级(0助推器) | J18: 长征十二号乙 | K18: =N18/火箭年間統計!$B$9 -> 0.0012820513 | L18: =IF(N18>0,M18/N18,"-") -> 1 | M18: =火箭年間統計!AH$8 -> 1 | N18: =火箭年間統計!AH$9 -> 1 | O18: 20 | P18: 12 | Q18: =IF(L18<L20,"×","〇") -> 〇
A19: 现役 | B19: =ROW()-1 -> 18 | C19: CZ | D19: - | E19: 2D | F19: - | G19: 20 | H19: =CONCATENATE(C19,D19,E19,F19,G19) -> CZ-2D-20 | I19: =CONCATENATE(IF(RIGHT(G19,1)="S","固体","液体"),LEFT(G19,1),IF(MID(G19,2,1)<>"0",".5",""),"级(",MID(G19,2,1),"助推器)") -> 液体2级(0助推器) | J19: 长征二号丁 | K19: =N19/火箭年間統計!$B$9 -> 0.13461538 | L19: =M19/N19 -> 0.99047619 | M19: =火箭年間統計!H8 -> 104 | N19: =火箭年間統計!H9 -> 105 | O19: 4 | P19: 1.9 | Q19: =IF(L19<L20,"×","〇") -> 〇
A20: 现役 | B20: =ROW()-1 -> 19 | C20: CZ | D20: - | E20: 4B | F20: - | G20: 30 | H20: =CONCATENATE(C20,D20,E20,F20,G20) -> CZ-4B-30 | I20: =CONCATENATE(IF(RIGHT(G20,1)="S","固体","液体"),LEFT(G20,1),IF(MID(G20,2,1)<>"0",".5",""),"级(",MID(G20,2,1),"助推器)") -> 液体3级(0助推器) | J20: 长征四号乙 | K20: =N20/火箭年間統計!$B$9 -> 0.073076923 | L20: =M20/N20 -> 0.98245614 | M20: =火箭年間統計!P8 -> 56 | N20: =火箭年間統計!P9 -> 57 | O20: - | P20: 2.5 | Q20: =IF(L20<L21,"×","〇") -> 〇
A21: 现役 | B21: =ROW()-1 -> 20 | C21: CZ | D21: - | E21: 2C | F21: - | G21: 20 | H21: =CONCATENATE(C21,D21,E21,F21,G21) -> CZ-2C-20 | I21: =CONCATENATE(IF(RIGHT(G21,1)="S","固体","液体"),LEFT(G21,1),IF(MID(G21,2,1)<>"0",".5",""),"级(",MID(G21,2,1),"助推器)") -> 液体2级(0助推器) | J21: 长征二号丙 | K21: =N21/火箭年間統計!$B$9 -> 0.11153846 | L21: =M21/N21 -> 0.97701149 | M21: =火箭年間統計!G8 -> 85 | N21: =火箭年間統計!G9 -> 87 | O21: 4.7 | P21: 2.1 | Q21: =IF(L21<L22,"×","〇") -> 〇
A22: 现役 | B22: =ROW()-1 -> 21 | C22: CZ | D22: - | E22: 4C | F22: - | G22: 30 | H22: =CONCATENATE(C22,D22,E22,F22,G22) -> CZ-4C-30 | I22: =CONCATENATE(IF(RIGHT(G22,1)="S","固体","液体"),LEFT(G22,1),IF(MID(G22,2,1)<>"0",".5",""),"级(",MID(G22,2,1),"助推器)") -> 液体3级(0助推器) | J22: 长征四号丙 | K22: =N22/火箭年間統計!$B$9 -> 0.075641026 | L22: =M22/N22 -> 0.96610169 | M22: =火箭年間統計!Q8 -> 57 | N22: =火箭年間統計!Q9 -> 59 | O22: - | P22: 3 | Q22: =IF(L22<L23,"×","〇") -> 〇
A23: 现役 | B23: =ROW()-1 -> 22 | C23: CZ | D23: - | E23: 3B | F23: - | G23: 34 | H23: =CONCATENATE(C23,D23,E23,F23,G23) -> CZ-3B-34 | I23: =CONCATENATE(IF(RIGHT(G23,1)="S","固体","液体"),LEFT(G23,1),IF(MID(G23,2,1)<>"0",".5",""),"级(",MID(G23,2,1),"助推器)") -> 液体3.5级(4助推器) | J23: 长征三号乙 | K23: =N23/火箭年間統計!$B$9 -> 0.14871795 | L23: =M23/N23 -> 0.95689655 | M23: =火箭年間統計!M8 -> 111 | N23: =火箭年間統計!M9 -> 116 | O23: 11.5 | P23: 5.55 | Q23: =IF(L23<L25,"×","〇") -> 〇
A24: 现役 | B24: =ROW()-1 -> 23 | C24: CZ | D24: - | E24: 7A | F24: - | G24: 34 | H24: =CONCATENATE(C24,D24,E24,F24,G24) -> CZ-7A-34 | I24: =CONCATENATE(IF(RIGHT(G24,1)="S","固体","液体"),LEFT(G24,1),IF(MID(G24,2,1)<>"0",".5",""),"级(",MID(G24,2,1),"助推器)") -> 液体3.5级(4助推器) | J24: 长征七号甲 | K24: =N24/火箭年間統計!$B$9 -> 0.020512821 | L24: =M24/N24 -> 0.9375 | M24: =火箭年間統計!X8 -> 15 | N24: =火箭年間統計!X9 -> 16 | O24: - | P24: 8 | Q24: =IF(L24<L26,"×","〇") -> 〇
A25: 现役 | B25: =ROW()-1 -> 24 | C25: KZ | D25: - | E25: 1A | F25: - | G25: 40S | H25: =CONCATENATE(C25,D25,E25,F25,G25) -> KZ-1A-40S | I25: =CONCATENATE(IF(RIGHT(G25,1)="S","固体","液体"),LEFT(G25,1),IF(MID(G25,2,1)<>"0",".5",""),"级(",MID(G25,2,1),"助推器)") -> 固体4级(0助推器) | J25: 快舟一号甲 | K25: =N25/火箭年間統計!$B$9 -> 0.038461538 | L25: =M25/N25 -> 0.93333333 | M25: =火箭年間統計!AO8 -> 28 | N25: =火箭年間統計!AO9 -> 30 | O25: 1.5 | P25: 1.0 | Q25: =IF(L25<L27,"×","〇") -> 〇
A26: 现役 | B26: =ROW()-1 -> 25 | C26: LJ | D26: - | E26: 1 | F26: - | G26: 40S | H26: =CONCATENATE(C26,D26,E26,F26,G26) -> LJ-1-40S | I26: =CONCATENATE(IF(RIGHT(G26,1)="S","固体","液体"),LEFT(G26,1),IF(MID(G26,2,1)<>"0",".5",""),"级(",MID(G26,2,1),"助推器)") -> 固体4级(0助推器) | J26: 力箭一号 | K26: =N26/火箭年間統計!$B$9 -> 0.017948718 | L26: =M26/N26 -> 0.92857143 | M26: =火箭年間統計!BC8 -> 13 | N26: =火箭年間統計!BC9 -> 14 | O26: 2 | P26: 1.5 | Q26: =IF(L26<L27,"×","〇") -> 〇
A27: 现役 | B27: =ROW()-1 -> 26 | C27: CZ | D27: - | E27: 5 | F27: - | G27: 24 | H27: =CONCATENATE(C27,D27,E27,F27,G27) -> CZ-5-24 | I27: =CONCATENATE(IF(RIGHT(G27,1)="S","固体","液体"),LEFT(G27,1),IF(MID(G27,2,1)<>"0",".5",""),"级(",MID(G27,2,1),"助推器)") -> 液体2.5级(4助推器) | J27: 长征五号 | K27: =N27/火箭年間統計!$B$9 -> 0.014102564 | L27: =M27/N27 -> 0.90909091 | M27: =火箭年間統計!R8 -> 10 | N27: =火箭年間統計!R9 -> 11 | O27: - | P27: 15 | Q27: =IF(L27<L28,"×","〇") -> 〇
A28: 现役 | B28: =ROW()-1 -> 27 | C28: GSX | D28: - | E28: 1 | F28: - | G28: 40S | H28: =CONCATENATE(C28,D28,E28,F28,G28) -> GSX-1-40S | I28: =CONCATENATE(IF(RIGHT(G28,1)="S","固体","液体"),LEFT(G28,1),IF(MID(G28,2,1)<>"0",".5",""),"级(",MID(G28,2,1),"助推器)") -> 固体4级(0助推器) | J28: 谷神星一号 | K28: =N28/火箭年間統計!$B$9 -> 0.021794872 | L28: =M28/N28 -> 0.88235294 | M28: =火箭年間統計!AY8 -> 15 | N28: =火箭年間統計!AY9 -> 17 | O28: 0.4 | P28: 0.3 | Q28: =IF(L28<L29,"×","〇") -> 〇
A29: 现役 | B29: =ROW()-1 -> 28 | C29: KZ | D29: - | E29: 11 | F29: - | G29: 40S | H29: =CONCATENATE(C29,D29,E29,F29,G29) -> KZ-11-40S | I29: =CONCATENATE(IF(RIGHT(G29,1)="S","固体","液体"),LEFT(G29,1),IF(MID(G29,2,1)<>"0",".5",""),"级(",MID(G29,2,1),"助推器)") -> 固体4级(0助推器) | J29: 快舟十一号 | K29: =N29/火箭年間統計!$B$9 -> 0.0076923077 | L29: =M29/N29 -> 0.83333333 | M29: =火箭年間統計!AP8 -> 5 | N29: =火箭年間統計!AP9 -> 6 | O29: 1.5 | P29: 1 | Q29: =IF(L29<L30,"×","〇") -> 〇 | S29: {=_xlfn.TEXTJOIN(",",TRUE,IF(ISNA(MATCH("遥"&_xlfn.SEQUENCE(MAX(VALUE(MID(发射纪录!E1:E999,2,LEN(发射纪录!E1:E999)))),1,1),IF(发射纪录!D1:D999="长征三号乙",发射纪录!E1:E999),0)),_xlfn.SEQUENCE(MAX(VALUE(MID(发射纪录!D1:D999,2,LEN(发射纪录!D1:D999)))),1,1),""))} | T29: =IF(ROW()-ROW(T29)+1<=S29,IF(COUNTIFS(发射纪录!D:D,"长征三号乙",发射纪录!E:E,"遥" & (ROW()-ROW(T29)+1))=0,ROW()-ROW(T29)+1,""),"")
A30: 现役 | B30: =ROW()-1 -> 29 | C30: ZQ | D30: - | E30: 2E | F30: - | G30: 20 | H30: =CONCATENATE(C30,D30,E30,F30,G30) -> ZQ-2E-20 | I30: =CONCATENATE(IF(RIGHT(G30,1)="S","固体","液体"),LEFT(G30,1),IF(MID(G30,2,1)<>"0",".5",""),"级(",MID(G30,2,1),"助推器)") -> 液体2级(0助推器) | J30: 朱雀二号Ｅ | K30: =N30/火箭年間統計!$B$9 -> 0.0064102564 | L30: =IF(N30>0,M30/N30,"-") -> 0.8 | M30: =火箭年間統計!AS8 -> 4 | N30: =火箭年間統計!AS9 -> 5 | O30: 6 | P30: 4 | Q30: =IF(L30<L31,"×","〇") -> 〇
A31: 现役 | B31: =ROW()-1 -> 30 | C31: SQX | D31: - | E31: 1 | F31: - | G31: 40S | H31: =CONCATENATE(C31,D31,E31,F31,G31) -> SQX-1-40S | I31: =CONCATENATE(IF(RIGHT(G31,1)="S","固体","液体"),LEFT(G31,1),IF(MID(G31,2,1)<>"0",".5",""),"级(",MID(G31,2,1),"助推器)") -> 固体4级(0助推器) | J31: 双曲线一号 | K31: =N31/火箭年間統計!$B$9 -> 0.01025641 | L31: =M31/N31 -> 0.5 | M31: =火箭年間統計!AV8 -> 4 | N31: =火箭年間統計!AV9 -> 8 | O31: 0.52 | P31: 0.3 | Q31: =IF(AND(L31<L32,L31="-"),"×","〇") -> 〇
A32: 现役 | B32: =ROW()-1 -> 31 | C32: GSX | D32: - | E32: 2 | F32: - | G32: 40S | H32: =CONCATENATE(C32,D32,E32,F32,G32) -> GSX-2-40S | I32: =CONCATENATE(IF(RIGHT(G32,1)="S","固体","液体"),LEFT(G32,1),IF(MID(G32,2,1)<>"0",".5",""),"级(",MID(G32,2,1),"助推器)") -> 固体4级(0助推器) | J32: 谷神星二号 | K32: =N32/火箭年間統計!$B$9 -> 0.0012820513 | L32: =IF(N32>0,M32/N32,"-") -> 0 | M32: =火箭年間統計!BA$8 -> 0 | N32: =火箭年間統計!BA$9 -> 1 | O32: 1.6 | P32: 1.3 | Q32: =IF(AND(L32<L33,L32="-"),"×","〇") -> 〇
A33: 现役 | B33: =ROW()-1 -> 32 | C33: TL | D33: - | E33: 3 | F33: - | G33: 20 | H33: =CONCATENATE(C33,D33,E33,F33,G33) -> TL-3-20 | I33: =CONCATENATE(IF(RIGHT(G33,1)="S","固体","液体"),LEFT(G33,1),IF(MID(G33,2,1)<>"0",".5",""),"级(",MID(G33,2,1),"助推器)") -> 液体2级(0助推器) | J33: 天龙三号 | K33: =N33/火箭年間統計!$B$9 -> 0.0012820513 | L33: =IF(N33>0,M33/N33,"-") -> 0 | M33: =火箭年間統計!BF$8 -> 0 | N33: =火箭年間統計!BF$9 -> 1 | O33: 17 | P33: 10 | Q33: =IF(AND(L33<L34,L33="-"),"×","〇") -> 〇
A34: 在研 | B34: =ROW()-1 -> 33 | C34: ZSX | D34: - | E34: 1 | F34: - | G34: 20 | H34: =CONCATENATE(C34,D34,E34,F34,G34) -> ZSX-1-20 | I34: =CONCATENATE(IF(RIGHT(G34,1)="S","固体","液体"),LEFT(G34,1),IF(MID(G34,2,1)<>"0",".5",""),"级(",MID(G34,2,1),"助推器)") -> 液体2级(0助推器) | J34: 智神星一号 | K34: =N34/火箭年間統計!$B$9 -> 0 | L34: =IF(N34>0,M34/N34,"-") -> - | M34: =火箭年間統計!BB$8 -> 0 | N34: =火箭年間統計!BB$9 -> 0 | O34: 7 | P34: 3
A35: 在研 | B35: =ROW()-1 -> 34 | C35: CZ | D35: - | E35: 10 | F35: - | G35: 32 | H35: =CONCATENATE(C35,D35,E35,F35,G35) -> CZ-10-32 | I35: =CONCATENATE(IF(RIGHT(G35,1)="S","固体","液体"),LEFT(G35,1),IF(MID(G35,2,1)<>"0",".5",""),"级(",MID(G35,2,1),"助推器)") -> 液体3.5级(2助推器) | J35: 长征十号 | K35: =N35/火箭年間統計!$B$9 -> 0 | L35: =IF(N35>0,M35/N35,"-") -> - | M35: =火箭年間統計!AC$8 -> 0 | N35: =火箭年間統計!AC$9 -> 0 | O35: 27 | P35: 11
A36: 在研 | B36: =ROW()-1 -> 35 | C36: CZ | D36: - | E36: 10A | F36: - | G36: 20 | H36: =CONCATENATE(C36,D36,E36,F36,G36) -> CZ-10A-20 | I36: =CONCATENATE(IF(RIGHT(G36,1)="S","固体","液体"),LEFT(G36,1),IF(MID(G36,2,1)<>"0",".5",""),"级(",MID(G36,2,1),"助推器)") -> 液体2级(0助推器) | J36: 长征十号甲 | K36: =N36/火箭年間統計!$B$9 -> 0 | L36: =IF(N36>0,M36/N36,"-") -> - | M36: =火箭年間統計!AC$8 -> 0 | N36: =火箭年間統計!AC$9 -> 0 | O36: 14 | P36: 11
A37: 在研 | B37: =ROW()-1 -> 36 | C37: CZ | D37: - | E37: 10B | F37: - | G37: 20 | H37: =CONCATENATE(C37,D37,E37,F37,G37) -> CZ-10B-20 | I37: =CONCATENATE(IF(RIGHT(G37,1)="S","固体","液体"),LEFT(G37,1),IF(MID(G37,2,1)<>"0",".5",""),"级(",MID(G37,2,1),"助推器)") -> 液体2级(0助推器) | J37: 长征十号乙 | K37: =N37/火箭年間統計!$B$9 -> 0 | L37: =IF(N37>0,M37/N37,"-") -> - | M37: =火箭年間統計!AC$8 -> 0 | N37: =火箭年間統計!AC$9 -> 0 | O37: 16 | P37: 11
A38: 在研 | B38: =ROW()-1 -> 37 | C38: CZ | D38: - | E38: 10C | F38: - | G38: 20 | H38: =CONCATENATE(C38,D38,E38,F38,G38) -> CZ-10C-20 | I38: =CONCATENATE(IF(RIGHT(G38,1)="S","固体","液体"),LEFT(G38,1),IF(MID(G38,2,1)<>"0",".5",""),"级(",MID(G38,2,1),"助推器)") -> 液体2级(0助推器) | J38: 长征十号丙 | K38: =N38/火箭年間統計!$B$9 -> 0 | L38: =IF(N38>0,M38/N38,"-") -> - | M38: =火箭年間統計!AC$8 -> 0 | N38: =火箭年間統計!AC$9 -> 0 | O38: 16 | P38: 11
A39: 在研 | B39: =ROW()-1 -> 38 | C39: CZ | D39: - | E39: 12H | F39: - | G39: 20 | H39: =CONCATENATE(C39,D39,E39,F39,G39) -> CZ-12H-20 | I39: =CONCATENATE(IF(RIGHT(G39,1)="S","固体","液体"),LEFT(G39,1),IF(MID(G39,2,1)<>"0",".5",""),"级(",MID(G39,2,1),"助推器)") -> 液体2级(0助推器) | J39: 长征十二号海 | K39: =N39/火箭年間統計!$B$9 -> 0 | L39: =IF(N39>0,M39/N39,"-") -> - | M39: =火箭年間統計!AC$8 -> 0 | N39: =火箭年間統計!AC$9 -> 0 | O39: 20 | P39: 12
A40: 在研 | B40: =ROW()-1 -> 39 | C40: CZ | D40: - | E40: 9 | F40: - | G40: 20 | H40: =CONCATENATE(C40,D40,E40,F40,G40) -> CZ-9-20 | I40: =CONCATENATE(IF(RIGHT(G40,1)="S","固体","液体"),LEFT(G40,1),IF(MID(G40,2,1)<>"0",".5",""),"级(",MID(G40,2,1),"助推器)") -> 液体2级(0助推器) | J40: 长征九号 | K40: =N40/火箭年間統計!$B$9 -> 0 | L40: =IF(N40>0,M40/N40,"-") -> - | M40: =火箭年間統計!AC$8 -> 0 | N40: =火箭年間統計!AC$9 -> 0 | O40: 50 | P40: 44
A41: 在研 | B41: =ROW()-1 -> 40 | C41: LJ | D41: - | E41: 1H | F41: - | G41: 40S | H41: =CONCATENATE(C41,D41,E41,F41,G41) -> LJ-1H-40S | I41: 固体4级(0助推器) | J41: 力箭一号海 | K41: 0.015789474 | L41: =IF(N41>0,M41/N41,"-") -> - | M41: =火箭年間統計!AC$8 -> 0 | N41: =火箭年間統計!AC$9 -> 0 | O41: 2 | P41: 1.5
A42: 在研 | B42: =ROW()-1 -> 41 | C42: ZH | D42: - | E42: 1 | F42: - | G42: 20 | H42: =CONCATENATE(C42,D42,E42,F42,G42) -> ZH-1-20 | I42: =CONCATENATE(IF(RIGHT(G42,1)="S","固体","液体"),LEFT(G42,1),IF(MID(G42,2,1)<>"0",".5",""),"级(",MID(G42,2,1),"助推器)") -> 液体2级(0助推器) | J42: 致航一号 | K42: =N42/火箭年間統計!$B$9 -> 0 | L42: =IF(N42>0,M42/N42,"-") -> - | M42: =火箭年間統計!AC$8 -> 0 | N42: =火箭年間統計!AC$9 -> 0 | O42: 8 | P42: 4
A43: 在研 | B43: =ROW()-1 -> 42 | C43: XY | D43: - | E43: 1 | F43: - | G43: 20 | H43: =CONCATENATE(C43,D43,E43,F43,G43) -> XY-1-20 | I43: =CONCATENATE(IF(RIGHT(G43,1)="S","固体","液体"),LEFT(G43,1),IF(MID(G43,2,1)<>"0",".5",""),"级(",MID(G43,2,1),"助推器)") -> 液体2级(0助推器) | J43: 星云一号 | K43: =N43/火箭年間統計!$B$9 -> 0 | L43: =IF(N43>0,M43/N43,"-") -> - | M43: =火箭年間統計!AC$8 -> 0 | N43: =火箭年間統計!AC$9 -> 0 | O43: 2 | P43: 1
A44: 在研 | B44: =ROW()-1 -> 43 | C44: YL | D44: - | E44: 2 | F44: - | G44: 20 | H44: =CONCATENATE(C44,D44,E44,F44,G44) -> YL-2-20 | I44: =CONCATENATE(IF(RIGHT(G44,1)="S","固体","液体"),LEFT(G44,1),IF(MID(G44,2,1)<>"0",".5",""),"级(",MID(G44,2,1),"助推器)") -> 液体2级(0助推器) | J44: 引力二号 | K44: =N44/火箭年間統計!$B$9 -> 0 | L44: =IF(N44>0,M44/N44,"-") -> - | M44: =火箭年間統計!AC$8 -> 0 | N44: =火箭年間統計!AC$9 -> 0 | O44: 21 | P44: 15
A45: 在研 | B45: =ROW()-1 -> 44 | C45: SQX | D45: - | E45: 3 | F45: - | G45: 20 | H45: =CONCATENATE(C45,D45,E45,F45,G45) -> SQX-3-20 | I45: =CONCATENATE(IF(RIGHT(G45,1)="S","固体","液体"),LEFT(G45,1),IF(MID(G45,2,1)<>"0",".5",""),"级(",MID(G45,2,1),"助推器)") -> 液体2级(0助推器) | J45: 双曲线三号 | K45: =N45/火箭年間統計!$B$9 -> 0 | L45: =IF(N45>0,M45/N45,"-") -> - | M45: =火箭年間統計!AC$8 -> 0 | N45: =火箭年間統計!AC$9 -> 0 | O45: 13.7 | P45: 6.2
A46: 在研 | B46: =ROW()-1 -> 45 | C46: YQ | D46: - | E46: 1 | F46: - | G46: 20 | H46: =CONCATENATE(C46,D46,E46,F46,G46) -> YQ-1-20 | I46: =CONCATENATE(IF(RIGHT(G46,1)="S","固体","液体"),LEFT(G46,1),IF(MID(G46,2,1)<>"0",".5",""),"级(",MID(G46,2,1),"助推器)") -> 液体2级(0助推器) | J46: 跃迁一号 | K46: =N46/火箭年間統計!$B$9 -> 0 | L46: =IF(N46>0,M46/N46,"-") -> - | M46: =火箭年間統計!AC$8 -> 0 | N46: =火箭年間統計!AC$9 -> 0 | O46: 12
A47: 退役 | B47: =ROW()-1 -> 46 | C47: CZ | D47: - | E47: 3A | F47: - | G47: 30 | H47: CZ-3A-30 | I47: =CONCATENATE(IF(RIGHT(G47,1)="S","固体","液体"),LEFT(G47,1),IF(MID(G47,2,1)<>"0",".5",""),"级(",MID(G47,2,1),"助推器)") -> 液体3级(0助推器) | J47: 长征三号甲 | K47: =N47/火箭年間統計!$B$9 -> 0.034615385 | L47: 1 | M47: 27 | N47: 27 | O47: - | P47: 2.65
A48: 退役 | B48: =ROW()-1 -> 47 | C48: CZ | D48: - | E48: 6 | F48: - | G48: 30 | H48: =CONCATENATE(C48,D48,E48,F48,G48) -> CZ-6-30 | I48: =CONCATENATE(IF(RIGHT(G48,1)="S","固体","液体"),LEFT(G48,1),IF(MID(G48,2,1)<>"0",".5",""),"级(",MID(G48,2,1),"助推器)") -> 液体3级(0助推器) | J48: 长征六号 | K48: =N48/火箭年間統計!$B$9 -> 0.019230769 | L48: =M48/N48 -> 1 | M48: =火箭年間統計!T8 -> 15 | N48: =火箭年間統計!T9 -> 15 | O48: 1.5 | P48: 1.08
A49: 退役 | B49: =ROW()-1 -> 48 | C49: CZ | D49: - | E49: 8 | F49: - | G49: 22 | H49: =CONCATENATE($C$49,$D$49,$E$49,$F$49,$G49) -> CZ-8-22 | I49: =CONCATENATE(IF(RIGHT(G49,1)="S","固体","液体"),LEFT(G49,1),IF(MID(G49,2,1)<>"0",".5",""),"级(",MID(G49,2,1),"助推器)") -> 液体2.5级(2助推器) | J49: 长征八号 | K49: =(N49+N50)/火箭年間統計!$B$9 -> 0.008974359 | L49: =(M49+M50)/(N49+N50) -> 1 | M49: =火箭年間統計!Y8-M50 -> 6 | N49: =火箭年間統計!Y9-N50 -> 6 | O49: 8.1 | P49: 5.5
G50: 20 | H50: =CONCATENATE($C$49,$D$49,$E$49,$F$49,$G50) -> CZ-8-20 | I50: =CONCATENATE(IF(RIGHT(G50,1)="S","固体","液体"),LEFT(G50,1),IF(MID(G50,2,1)<>"0",".5",""),"级(",MID(G50,2,1),"助推器)") -> 液体2级(0助推器) | K50: =N50/火箭年間統計!$B$9 -> 0.0012820513 | M50: 1 | N50: 1 | O50: 6 | P50: 3
A51: 退役 | B51: =ROW()-2 -> 49 | C51: CZ | D51: - | E51: 2A | F51: - | G51: 20 | H51: CZ-2A-20 | I51: =CONCATENATE(IF(RIGHT(G51,1)="S","固体","液体"),LEFT(G51,1),IF(MID(G51,2,1)<>"0",".5",""),"级(",MID(G51,2,1),"助推器)") -> 液体2级(0助推器) | J51: 长征二号甲 | K51: =N51/火箭年間統計!$B$9 -> 0.0038461538 | L51: 1 | M51: 3 | N51: 3 | O51: 1.8 | P51: -
A52: 退役 | B52: =ROW()-2 -> 50 | C52: CZ | D52: - | E52: 1 | F52: - | G52: 30 | H52: CZ-1-30 | I52: =CONCATENATE(IF(RIGHT(G52,1)="S","固体","液体"),LEFT(G52,1),IF(MID(G52,2,1)<>"0",".5",""),"级(",MID(G52,2,1),"助推器)") -> 液体3级(0助推器) | J52: 长征一号 | K52: =N52/火箭年間統計!$B$9 -> 0.0025641026 | L52: 1 | M52: 2 | N52: 2 | O52: 0.3 | P52: -
A53: 退役 | B53: =ROW()-2 -> 51 | C53: CZ | D53: - | E53: 4A | F53: - | G53: 30 | H53: CZ-4A-30 | I53: =CONCATENATE(IF(RIGHT(G53,1)="S","固体","液体"),LEFT(G53,1),IF(MID(G53,2,1)<>"0",".5",""),"级(",MID(G53,2,1),"助推器)") -> 液体3级(0助推器) | J53: 长征四号甲 | K53: =N53/火箭年間統計!$B$9 -> 0.0025641026 | L53: 1 | M53: 2 | N53: 2 | O53: - | P53: 1.5
A54: 退役 | B54: =ROW()-2 -> 52 | C54: KZ | D54: - | E54: 1 | F54: - | G54: 30S | H54: KZ-1-30S | I54: =CONCATENATE(IF(RIGHT(G54,1)="S","固体","液体"),LEFT(G54,1),IF(MID(G54,2,1)<>"0",".5",""),"级(",MID(G54,2,1),"助推器)") -> 固体3级(0助推器) | J54: 快舟一号 | K54: =N54/火箭年間統計!$B$9 -> 0.0025641026 | L54: 1 | M54: 2 | N54: 2 | O54: - | P54: 0.2
A55: 现役 | B55: =ROW()-2 -> 53 | C55: TL | D55: - | E55: 2 | F55: - | G55: 30 | H55: =CONCATENATE(C55,D55,E55,F55,G55) -> TL-2-30 | I55: =CONCATENATE(IF(RIGHT(G55,1)="S","固体","液体"),LEFT(G55,1),IF(MID(G55,2,1)<>"0",".5",""),"级(",MID(G55,2,1),"助推器)") -> 液体3级(0助推器) | J55: 天龙二号 | K55: =N55/火箭年間統計!$B$9 -> 0.0012820513 | L55: 1 | M55: =火箭年間統計!BE9 -> 1 | N55: =火箭年間統計!BE7 -> 1 | O55: 2 | P55: 1.5
A56: 退役 | B56: =ROW()-2 -> 54 | C56: KTZ | D56: - | E56: 2 | F56: - | G56: 40S | H56: KTZ-2-40S | I56: =CONCATENATE(IF(RIGHT(G56,1)="S","固体","液体"),LEFT(G56,1),IF(MID(G56,2,1)<>"0",".5",""),"级(",MID(G56,2,1),"助推器)") -> 固体4级(0助推器) | J56: 开拓者二号 | K56: =N56/火箭年間統計!$B$9 -> 0.0012820513 | L56: 1 | M56: 1 | N56: 1 | O56: 0.35 | P56: 0.25
A57: 退役 | B57: =ROW()-2 -> 55 | C57: SD | D57: - | E57: 1 | F57: - | G57: 40S | H57: SD-1-40S | I57: =CONCATENATE(IF(RIGHT(G57,1)="S","固体","液体"),LEFT(G57,1),IF(MID(G57,2,1)<>"0",".5",""),"级(",MID(G57,2,1),"助推器)") -> 固体4级(0助推器) | J57: 捷龙一号 | K57: =N57/火箭年間統計!$B$9 -> 0.0012820513 | L57: 1 | M57: 1 | N57: 1 | O57: - | P57: 0.2
A58: 退役 | B58: =ROW()-2 -> 56 | C58: CZ | D58: - | E58: 3 | F58: - | G58: 30 | H58: CZ-3-30 | I58: =CONCATENATE(IF(RIGHT(G58,1)="S","固体","液体"),LEFT(G58,1),IF(MID(G58,2,1)<>"0",".5",""),"级(",MID(G58,2,1),"助推器)") -> 液体3级(0助推器) | J58: 长征三号 | K58: =N58/火箭年間統計!$B$9 -> 0.016666667 | L58: 0.76923077 | M58: 10 | N58: 13 | O58: - | P58: 1.45
A59: 退役 | B59: =ROW()-2 -> 57 | C59: CZ | D59: - | E59: 2E | F59: - | G59: 24 | H59: CZ-2E-24 | I59: =CONCATENATE(IF(RIGHT(G59,1)="S","固体","液体"),LEFT(G59,1),IF(MID(G59,2,1)<>"0",".5",""),"级(",MID(G59,2,1),"助推器)") -> 液体2.5级(4助推器) | J59: 长征二号捆 | K59: =N59/火箭年間統計!$B$9 -> 0.008974359 | L59: 0.71428571 | M59: 5 | N59: 7 | O59: 9.2 | P59: -
A60: 现役 | B60: =ROW()-2 -> 58 | C60: ZQ | D60: - | E60: 2 | F60: - | G60: 20 | H60: =CONCATENATE(C60,D60,E60,F60,G60) -> ZQ-2-20 | I60: =CONCATENATE(IF(RIGHT(G60,1)="S","固体","液体"),LEFT(G60,1),IF(MID(G60,2,1)<>"0",".5",""),"级(",MID(G60,2,1),"助推器)") -> 液体2级(0助推器) | J60: 朱雀二号 | K60: =N60/火箭年間統計!$B$9 -> 0.0038461538 | L60: =M60/N60 -> 0.66666667 | M60: =火箭年間統計!AR8 -> 2 | N60: =火箭年間統計!AR9 -> 3 | O60: 4 | P60: 1.5
A61: 退役 | B61: =ROW()-2 -> 59 | C61: FB | D61: - | E61: 1 | F61: - | G61: 20 | H61: FB-1-20 | I61: =CONCATENATE(IF(RIGHT(G61,1)="S","固体","液体"),LEFT(G61,1),IF(MID(G61,2,1)<>"0",".5",""),"级(",MID(G61,2,1),"助推器)") -> 液体2级(0助推器) | J61: 风暴一号 | K61: =N61/火箭年間統計!$B$9 -> 0.01025641 | L61: 0.5 | M61: 4 | N61: 8 | O61: 1.5 | P61: -
A62: 退役 | B62: =ROW()-2 -> 60 | C62: KTZ | D62: - | E62: 1 | F62: - | G62: 40S | H62: KTZ-1-40S | I62: =CONCATENATE(IF(RIGHT(G62,1)="S","固体","液体"),LEFT(G62,1),IF(MID(G62,2,1)<>"0",".5",""),"级(",MID(G62,2,1),"助推器)") -> 固体4级(0助推器) | J62: 开拓者一号 | K62: =N62/火箭年間統計!$B$9 -> 0.0038461538 | L62: 0 | M62: 0 | N62: 3 | O62: 0.1 | P62: 0.05
A63: 退役 | B63: =ROW()-2 -> 61 | C63: CZ | D63: - | E63: 2 | F63: - | G63: 20 | H63: CZ-2-20 | I63: =CONCATENATE(IF(RIGHT(G63,1)="S","固体","液体"),LEFT(G63,1),IF(MID(G63,2,1)<>"0",".5",""),"级(",MID(G63,2,1),"助推器)") -> 液体2级(0助推器) | J63: 长征二号 | K63: =N63/火箭年間統計!$B$9 -> 0.0012820513 | L63: 0 | M63: 0 | N63: 1 | O63: 1.8 | P63: -
A64: 退役 | B64: =ROW()-2 -> 62 | C64: ZQ | D64: - | E64: 1 | F64: - | G64: 30S | H64: ZQ-1-30S | I64: =CONCATENATE(IF(RIGHT(G64,1)="S","固体","液体"),LEFT(G64,1),IF(MID(G64,2,1)<>"0",".5",""),"级(",MID(G64,2,1),"助推器)") -> 固体3级(0助推器) | J64: 朱雀一号 | K64: =N64/火箭年間統計!$B$9 -> 0.0012820513 | L64: 0 | M64: 0 | N64: 1 | O64: 0.3 | P64: 0.2
A65: 退役 | B65: =ROW()-2 -> 63 | C65: OS | D65: - | E65: M | F65: - | G65: 40S | H65: OS-M-40S | I65: =CONCATENATE(IF(RIGHT(G65,1)="S","固体","液体"),LEFT(G65,1),IF(MID(G65,2,1)<>"0",".5",""),"级(",MID(G65,2,1),"助推器)") -> 固体4级(0助推器) | J65: OS-M | K65: =N65/火箭年間統計!$B$9 -> 0.0012820513 | L65: 0 | M65: 0 | N65: 1 | O65: 0.169 | P65: 0.112

Sheet 航天员
A1: 排名 | B1: 航天员 | C1: 拼音 | D1: 年龄 | E1: 入选 | F1: 批次 | G1: 类型 | H1: 在轨日 | I1: 在轨次 | J1: 出舱 | K1: 出生地 | O1: 在轨 | P1: =SUM(P2:P5) -> 30 | R1: 在轨 | S1: 航天员 | X1: =SUM(X2:X24) -> 30 | Z1: 在轨 | AA1: 人数
A2: 1 | B2: 杨利伟 | C2: Yang Liwei | D2: =DATEDIF(L2,TODAY(),"Y") -> 61 | E2: 1998 | F2: 1 | G2: 驾驶员 | H2: =IF(SUMIF(乘组!G:G,航天员!B2,乘组!D:D)<0,"",SUMIF(乘组!G:G,航天员!B2,乘组!D:D)) -> 1 | I2: =COUNTIF(乘组!G:G,B2) -> 1 | J2: =SUMIF(出舱!D:D,航天员!B2,出舱!E:E) -> 0 | K2: 辽宁绥中县 | L2: 23914 | O2: {=_xlfn.SORTBY(_xlfn.UNIQUE($I$2:$I$31),_xlfn.UNIQUE($I$2:$I$31),-1)} -> 4 | P2: =COUNTIF($I$2:$I$31,O2) -> 1 | R2: {=_xlfn.SORTBY(_xlfn.UNIQUE($H$2:$H$31),_xlfn.UNIQUE($H$2:$H$31),-1)} -> 418 | S2: {=_xlfn.TEXTJOIN(",",TRUE,_xlfn._xlws.FILTER($B$2:$B$31,$H$2:$H$31=R2))} -> 陈冬 | X2: =LEN(S2)-LEN(SUBSTITUTE(S2,",",""))+1 -> 1 | Z2: {=_xlfn.SORTBY(_xlfn.UNIQUE(_xlfn._xlws.FILTER(乘组!$D$2:$D$86,(乘组!$G$2:$G$86<>"-")*(乘组!$G$2:$G$86<>"")*(乘组!$G$2:$G$86<>"无人")*(乘组!$D$2:$D$86>0))),_xlfn.UNIQUE(_xlfn._xlws.FILTER(乘组!$D$2:$D$86,(乘组!$G$2:$G$86<>"-")*(乘组!$G$2:$G$86<>"")*(乘组!$G$2:$G$86<>"无人")*(乘组!$D$2:$D$86>0))),-1)} -> 204 | AA2: {=_xlfn.TEXTJOIN(",",TRUE,_xlfn._xlws.FILTER(乘组!$G$2:$G$86,乘组!$D$2:$D$86=Z2))} -> 陈冬,陈中瑞,王杰
A3: 2 | B3: 费俊龙 | C3: Fei Junlong | D3: =DATEDIF(L3,TODAY(),"Y") -> 61 | E3: 1998 | F3: 1 | G3: 驾驶员 | H3: =IF(SUMIF(乘组!G:G,航天员!B3,乘组!D:D)<0,"",SUMIF(乘组!G:G,航天员!B3,乘组!D:D)) -> 192 | I3: =COUNTIF(乘组!G:G,B3) -> 2 | J3: =SUMIF(出舱!D:D,航天员!B3,出舱!E:E) -> 4 | K3: 江苏昆山市 | L3: 23867 | O3: 3 | P3: =COUNTIF($I$2:$I$31,O3) -> 2 | R3: 397 | S3: {=_xlfn.TEXTJOIN(",",TRUE,_xlfn._xlws.FILTER($B$2:$B$31,$H$2:$H$31=R3))} -> 张陆 | X3: =LEN(S3)-LEN(SUBSTITUTE(S3,",",""))+1 -> 1 | Z3: 193 | AA3: {=_xlfn.TEXTJOIN(",",TRUE,_xlfn._xlws.FILTER(乘组!$G$2:$G$86,乘组!$D$2:$D$86=Z3))} -> 叶光富,李聪,李广苏
A4: 3 | B4: 聂海胜 | C4: Nie Haisheng | D4: =DATEDIF(L4,TODAY(),"Y") -> 61 | E4: 1998 | F4: 1 | G4: 驾驶员 | H4: =IF(SUMIF(乘组!G:G,航天员!B4,乘组!D:D)<0,"",SUMIF(乘组!G:G,航天员!B4,乘组!D:D)) -> 112 | I4: =COUNTIF(乘组!G:G,B4) -> 3 | J4: =SUMIF(出舱!D:D,航天员!B4,出舱!E:E) -> 1 | K4: 湖北枣阳市 | L4: 23664 | O4: 2 | P4: =COUNTIF($I$2:$I$31,O4) -> 10 | R4: 375 | S4: {=_xlfn.TEXTJOIN(",",TRUE,_xlfn._xlws.FILTER($B$2:$B$31,$H$2:$H$31=R4))} -> 叶光富 | X4: =LEN(S4)-LEN(SUBSTITUTE(S4,",",""))+1 -> 1 | Z4: 187 | AA4: {=_xlfn.TEXTJOIN(",",TRUE,_xlfn._xlws.FILTER(乘组!$G$2:$G$86,乘组!$D$2:$D$86=Z4))} -> 费俊龙,邓清明,张陆,汤洪波,唐胜杰,江新林
A5: 4 | B5: 翟志刚 | C5: Zhai Zhigang | D5: =DATEDIF(L5,TODAY(),"Y") -> 59 | E5: 1998 | F5: 1 | G5: 驾驶员 | H5: =IF(SUMIF(乘组!G:G,航天员!B5,乘组!D:D)<0,"",SUMIF(乘组!G:G,航天员!B5,乘组!D:D)) -> 185 | I5: =COUNTIF(乘组!G:G,B5) -> 2 | J5: =SUMIF(出舱!D:D,航天员!B5,出舱!E:E) -> 3 | K5: 黑龙江齐齐哈尔市 | L5: 24390 | O5: 1 | P5: =COUNTIF($I$2:$I$31,O5) -> 17 | R5: 364 | S5: {=_xlfn.TEXTJOIN(",",TRUE,_xlfn._xlws.FILTER($B$2:$B$31,$H$2:$H$31=R5))} -> 蔡旭哲 | X5: =LEN(S5)-LEN(SUBSTITUTE(S5,",",""))+1 -> 1 | Z5: 185 | AA5: {=_xlfn.TEXTJOIN(",",TRUE,_xlfn._xlws.FILTER(乘组!$G$2:$G$86,乘组!$D$2:$D$86=Z5))} -> 张陆,武飞,张洪章
A6: 5 | B6: 刘伯明 | C6: Liu Boming | D6: =DATEDIF(L6,TODAY(),"Y") -> 59 | E6: 1998 | F6: 1 | G6: 驾驶员 | H6: =IF(SUMIF(乘组!G:G,航天员!B6,乘组!D:D)<0,"",SUMIF(乘组!G:G,航天员!B6,乘组!D:D)) -> 95 | I6: =COUNTIF(乘组!G:G,B6) -> 2 | J6: =SUMIF(出舱!D:D,航天员!B6,出舱!E:E) -> 3 | K6: 黑龙江齐齐哈尔市 | L6: 24367 | R6: 279 | S6: {=_xlfn.TEXTJOIN(",",TRUE,_xlfn._xlws.FILTER($B$2:$B$31,$H$2:$H$31=R6))} -> 汤洪波 | X6: =LEN(S6)-LEN(SUBSTITUTE(S6,",",""))+1 -> 1 | Z6: 182 | AA6: {=_xlfn.TEXTJOIN(",",TRUE,_xlfn._xlws.FILTER(乘组!$G$2:$G$86,乘组!$D$2:$D$86=Z6))} -> 翟志刚,王亚平(女),叶光富,陈冬,刘洋(女),蔡旭哲,蔡旭哲,宋令东,王浩泽(女)
A7: 6 | B7: 景海鹏 | C7: Jing Haipeng | D7: =DATEDIF(L7,TODAY(),"Y") -> 59 | E7: 1998 | F7: 1 | G7: 驾驶员 | H7: =IF(SUMIF(乘组!G:G,航天员!B7,乘组!D:D)<0,"",SUMIF(乘组!G:G,航天员!B7,乘组!D:D)) -> 202 | I7: =COUNTIF(乘组!G:G,B7) -> 4 | J7: =SUMIF(出舱!D:D,航天员!B7,出舱!E:E) -> 1 | K7: 山西运城市 | L7: 24404 | O7: 出舱 | P7: =SUM(P8:P15) -> 30 | R7: 210 | S7: {=_xlfn.TEXTJOIN(",",TRUE,_xlfn._xlws.FILTER($B$2:$B$31,$H$2:$H$31=R7))} -> 武飞,张洪章 | X7: =LEN(S7)-LEN(SUBSTITUTE(S7,",",""))+1 -> 2 | Z7: 154 | AA7: {=_xlfn.TEXTJOIN(",",TRUE,_xlfn._xlws.FILTER(乘组!$G$2:$G$86,乘组!$D$2:$D$86=Z7))} -> 景海鹏,朱杨柱,桂海潮
A8: 7 | B8: 刘旺 | C8: Liu Wang | D8: =DATEDIF(L8,TODAY(),"Y") -> 57 | E8: 1998 | F8: 1 | G8: 驾驶员 | H8: =IF(SUMIF(乘组!G:G,航天员!B8,乘组!D:D)<0,"",SUMIF(乘组!G:G,航天员!B8,乘组!D:D)) -> 13 | I8: =COUNTIF(乘组!G:G,B8) -> 1 | J8: =SUMIF(出舱!D:D,航天员!B8,出舱!E:E) -> 0 | K8: 山西平遥县 | L8: 25287 | O8: {=_xlfn.SORTBY(_xlfn.UNIQUE($J$2:$J$31),_xlfn.UNIQUE($J$2:$J$31),-1)} -> 7 | P8: =COUNTIF($J$2:$J$31,O8) -> 1 | R8: 204 | S8: {=_xlfn.TEXTJOIN(",",TRUE,_xlfn._xlws.FILTER($B$2:$B$31,$H$2:$H$31=R8))} -> 陈中瑞,王杰 | X8: =LEN(S8)-LEN(SUBSTITUTE(S8,",",""))+1 -> 2 | Z8: 92 | AA8: {=_xlfn.TEXTJOIN(",",TRUE,_xlfn._xlws.FILTER(乘组!$G$2:$G$86,乘组!$D$2:$D$86=Z8))} -> 聂海胜,刘伯明,汤洪波
A9: 8 | B9: 刘洋(女) | C9: Liu Yang(F) | D9: =DATEDIF(L9,TODAY(),"Y") -> 47 | E9: 2010 | F9: 2 | G9: 驾驶员 | H9: =IF(SUMIF(乘组!G:G,航天员!B9,乘组!D:D)<0,"",SUMIF(乘组!G:G,航天员!B9,乘组!D:D)) -> 195 | I9: =COUNTIF(乘组!G:G,B9) -> 2 | J9: =SUMIF(出舱!D:D,航天员!B9,出舱!E:E) -> 1 | K9: 河南林州市 | L9: 28769 | O9: 6 | P9: =COUNTIF($J$2:$J$31,O9) -> 1 | R9: 202 | S9: {=_xlfn.TEXTJOIN(",",TRUE,_xlfn._xlws.FILTER($B$2:$B$31,$H$2:$H$31=R9))} -> 景海鹏 | X9: =LEN(S9)-LEN(SUBSTITUTE(S9,",",""))+1 -> 1 | Z9: 43 | AA9: {=_xlfn.TEXTJOIN(",",TRUE,_xlfn._xlws.FILTER(乘组!$G$2:$G$86,乘组!$D$2:$D$86=Z9))} -> 朱杨柱,张志远,黎家盈(女)
A10: 9 | B10: 张晓光 | C10: Zhang Xiaoguang | D10: =DATEDIF(L10,TODAY(),"Y") -> 60 | E10: 1998 | F10: 1 | G10: 驾驶员 | H10: =IF(SUMIF(乘组!G:G,航天员!B10,乘组!D:D)<0,"",SUMIF(乘组!G:G,航天员!B10,乘组!D:D)) -> 15 | I10: =COUNTIF(乘组!G:G,B10) -> 1 | J10: =SUMIF(出舱!D:D,航天员!B10,出舱!E:E) -> 0 | K10: 辽宁锦州市 | L10: 24228 | M10: 出生日不详 | O10: 5 | P10: =COUNTIF($J$2:$J$31,O10) -> 1 | R10: 197 | S10: {=_xlfn.TEXTJOIN(",",TRUE,_xlfn._xlws.FILTER($B$2:$B$31,$H$2:$H$31=R10))} -> 王亚平(女),朱杨柱 | X10: =LEN(S10)-LEN(SUBSTITUTE(S10,",",""))+1 -> 2 | Z10: 32 | AA10: {=_xlfn.TEXTJOIN(",",TRUE,_xlfn._xlws.FILTER(乘组!$G$2:$G$86,乘组!$D$2:$D$86=Z10))} -> 景海鹏,陈冬
A11: 10 | B11: 王亚平(女) | C11: Wang Yaping(F) | D11: =DATEDIF(L11,TODAY(),"Y") -> 46 | E11: 2010 | F11: 2 | G11: 驾驶员 | H11: =IF(SUMIF(乘组!G:G,航天员!B11,乘组!D:D)<0,"",SUMIF(乘组!G:G,航天员!B11,乘组!D:D)) -> 197 | I11: =COUNTIF(乘组!G:G,B11) -> 2 | J11: =SUMIF(出舱!D:D,航天员!B11,出舱!E:E) -> 1 | K11: 山东烟台市 | L11: 29247 | O11: 4 | P11: =COUNTIF($J$2:$J$31,O11) -> 1 | R11: 195 | S11: {=_xlfn.TEXTJOIN(",",TRUE,_xlfn._xlws.FILTER($B$2:$B$31,$H$2:$H$31=R11))} -> 刘洋(女) | X11: =LEN(S11)-LEN(SUBSTITUTE(S11,",",""))+1 -> 1 | Z11: 15 | AA11: {=_xlfn.TEXTJOIN(",",TRUE,_xlfn._xlws.FILTER(乘组!$G$2:$G$86,乘组!$D$2:$D$86=Z11))} -> 聂海胜,张晓光,王亚平(女)
A12: 11 | B12: 陈冬 | C12: Chen Dong | D12: =DATEDIF(L12,TODAY(),"Y") -> 47 | E12: 2010 | F12: 2 | G12: 驾驶员 | H12: =IF(SUMIF(乘组!G:G,航天员!B12,乘组!D:D)<0,"",SUMIF(乘组!G:G,航天员!B12,乘组!D:D)) -> 418 | I12: =COUNTIF(乘组!G:G,B12)-1 -> 3 | J12: =SUMIF(出舱!D:D,航天员!B12,出舱!E:E) -> 6 | K12: 河南郑州市 | L12: 28836 | O12: 3 | P12: =COUNTIF($J$2:$J$31,O12) -> 7 | R12: 193 | S12: {=_xlfn.TEXTJOIN(",",TRUE,_xlfn._xlws.FILTER($B$2:$B$31,$H$2:$H$31=R12))} -> 李聪,李广苏 | X12: =LEN(S12)-LEN(SUBSTITUTE(S12,",",""))+1 -> 2 | Z12: 14 | AA12: {=_xlfn.TEXTJOIN(",",TRUE,_xlfn._xlws.FILTER(乘组!$G$2:$G$86,乘组!$D$2:$D$86=Z12))} -> 张陆,武飞,张洪章
A13: 12 | B13: 汤洪波 | C13: Tang hongbo | D13: =DATEDIF(L13,TODAY(),"Y") -> 50 | E13: 2010 | F13: 2 | G13: 驾驶员 | H13: =IF(SUMIF(乘组!G:G,航天员!B13,乘组!D:D)<0,"",SUMIF(乘组!G:G,航天员!B13,乘组!D:D)) -> 279 | I13: =COUNTIF(乘组!G:G,B13) -> 2 | J13: =SUMIF(出舱!D:D,航天员!B13,出舱!E:E) -> 3 | K13: 湖南湘潭市 | L13: 27668 | M13: 出生日不详 | O13: 2 | P13: =COUNTIF($J$2:$J$31,O13) -> 1 | R13: 192 | S13: {=_xlfn.TEXTJOIN(",",TRUE,_xlfn._xlws.FILTER($B$2:$B$31,$H$2:$H$31=R13))} -> 费俊龙 | X13: =LEN(S13)-LEN(SUBSTITUTE(S13,",",""))+1 -> 1 | Z13: 13 | AA13: {=_xlfn.TEXTJOIN(",",TRUE,_xlfn._xlws.FILTER(乘组!$G$2:$G$86,乘组!$D$2:$D$86=Z13))} -> 景海鹏,刘旺,刘洋(女)
A14: 13 | B14: 叶光富 | C14: Ye Guangfu | D14: =DATEDIF(L14,TODAY(),"Y") -> 45 | E14: 2010 | F14: 2 | G14: 驾驶员 | H14: =IF(SUMIF(乘组!G:G,航天员!B14,乘组!D:D)<0,"",SUMIF(乘组!G:G,航天员!B14,乘组!D:D)) -> 375 | I14: =COUNTIF(乘组!G:G,B14) -> 2 | J14: =SUMIF(出舱!D:D,航天员!B14,出舱!E:E) -> 3 | K14: 四川成都市 | L14: 29465 | O14: 1 | P14: =COUNTIF($J$2:$J$31,O14) -> 9 | R14: 187 | S14: {=_xlfn.TEXTJOIN(",",TRUE,_xlfn._xlws.FILTER($B$2:$B$31,$H$2:$H$31=R14))} -> 邓清明,唐胜杰,江新林 | X14: =LEN(S14)-LEN(SUBSTITUTE(S14,",",""))+1 -> 3 | Z14: 11 | AA14: {=_xlfn.TEXTJOIN(",",TRUE,_xlfn._xlws.FILTER(乘组!$G$2:$G$86,乘组!$D$2:$D$86=Z14))} -> 张陆,武飞,张洪章
A15: 14 | B15: 蔡旭哲 | C15: Cai Xuzhe | D15: =DATEDIF(L15,TODAY(),"Y") -> 50 | E15: 2010 | F15: 2 | G15: 驾驶员 | H15: =IF(SUMIF(乘组!G:G,航天员!B15,乘组!D:D)<0,"",SUMIF(乘组!G:G,航天员!B15,乘组!D:D)) -> 364 | I15: =COUNTIF(乘组!G:G,B15) -> 2 | J15: =SUMIF(出舱!D:D,航天员!B15,出舱!E:E) -> 5 | K15: 河北深州市 | L15: 27881 | M15: 出生日不详 | O15: 0 | P15: =COUNTIF($J$2:$J$31,O15) -> 9 | R15: 185 | S15: {=_xlfn.TEXTJOIN(",",TRUE,_xlfn._xlws.FILTER($B$2:$B$31,$H$2:$H$31=R15))} -> 翟志刚 | X15: =LEN(S15)-LEN(SUBSTITUTE(S15,",",""))+1 -> 1 | Z15: 5 | AA15: {=_xlfn.TEXTJOIN(",",TRUE,_xlfn._xlws.FILTER(乘组!$G$2:$G$86,乘组!$D$2:$D$86=Z15))} -> 费俊龙,聂海胜
A16: 15 | B16: 邓清明 | C16: Deng Qingming | D16: =DATEDIF(L16,TODAY(),"Y") -> 60 | E16: 1998 | F16: 1 | G16: 驾驶员 | H16: =IF(SUMIF(乘组!G:G,航天员!B16,乘组!D:D)<0,"",SUMIF(乘组!G:G,航天员!B16,乘组!D:D)) -> 187 | I16: =COUNTIF(乘组!G:G,B16) -> 1 | J16: =SUMIF(出舱!D:D,航天员!B16,出舱!E:E) -> 0 | K16: 江西宜黄县 | L16: 24182 | R16: 182 | S16: {=_xlfn.TEXTJOIN(",",TRUE,_xlfn._xlws.FILTER($B$2:$B$31,$H$2:$H$31=R16))} -> 宋令东,王浩泽(女) | X16: =LEN(S16)-LEN(SUBSTITUTE(S16,",",""))+1 -> 2 | Z16: 3 | AA16: {=_xlfn.TEXTJOIN(",",TRUE,_xlfn._xlws.FILTER(乘组!$G$2:$G$86,乘组!$D$2:$D$86=Z16))} -> 翟志刚,刘伯明,景海鹏
A17: 16 | B17: 张陆 | C17: Zhang Lu | D17: =DATEDIF(L17,TODAY(),"Y") -> 49 | E17: 2010 | F17: 2 | G17: 驾驶员 | H17: =IF(SUMIF(乘组!G:G,航天员!B17,乘组!D:D)<0,"",SUMIF(乘组!G:G,航天员!B17,乘组!D:D)) -> 397 | I17: =COUNTIF(乘组!G:G,B17)-2 -> 2 | J17: =SUMIF(出舱!D:D,航天员!B17,出舱!E:E) -> 7 | K17: 湖南汉寿县 | L17: 28065 | M17: 出生日不详 | O17: 性别 | P17: =SUM(P18:P19) -> 30 | R17: 154 | S17: {=_xlfn.TEXTJOIN(",",TRUE,_xlfn._xlws.FILTER($B$2:$B$31,$H$2:$H$31=R17))} -> 桂海潮 | X17: =LEN(S17)-LEN(SUBSTITUTE(S17,",",""))+1 -> 1 | Z17: 1 | AA17: {=_xlfn.TEXTJOIN(",",TRUE,_xlfn._xlws.FILTER(乘组!$G$2:$G$86,乘组!$D$2:$D$86=Z17))} -> 无人,杨利伟
A18: 17 | B18: 朱杨柱 | C18: Zhu Yangzhu | D18: =DATEDIF(L18,TODAY(),"Y") -> 39 | E18: 2020 | F18: 3 | G18: 工程师 | H18: =IF(SUMIF(乘组!G:G,航天员!B18,乘组!D:D)<0,"",SUMIF(乘组!G:G,航天员!B18,乘组!D:D)) -> 197 | I18: =COUNTIF(乘组!G:G,B18) -> 2 | J18: =SUMIF(出舱!D:D,航天员!B18,出舱!E:E) -> 1 | K18: 江苏沛县 | L18: 31656 | M18: 出生日不详* | O18: 男 | P18: =COUNT($D$2:$D$31)-P19 -> 26 | R18: 112 | S18: {=_xlfn.TEXTJOIN(",",TRUE,_xlfn._xlws.FILTER($B$2:$B$31,$H$2:$H$31=R18))} -> 聂海胜 | X18: =LEN(S18)-LEN(SUBSTITUTE(S18,",",""))+1 -> 1
A19: 18 | B19: 桂海潮 | C19: Gui Haichao | D19: =DATEDIF(L19,TODAY(),"Y") -> 39 | E19: 2020 | F19: 3 | G19: 载荷家 | H19: =IF(SUMIF(乘组!G:G,航天员!B19,乘组!D:D)<0,"",SUMIF(乘组!G:G,航天员!B19,乘组!D:D)) -> 154 | I19: =COUNTIF(乘组!G:G,B19) -> 1 | J19: =SUMIF(出舱!D:D,航天员!B19,出舱!E:E) -> 0 | K19: 云南施甸县 | L19: 31717 | M19: 出生日不详 | O19: 女 | P19: =COUNTIF($B$2:$B$31,"*(女)") -> 4 | R19: 95 | S19: {=_xlfn.TEXTJOIN(",",TRUE,_xlfn._xlws.FILTER($B$2:$B$31,$H$2:$H$31=R19))} -> 刘伯明 | X19: =LEN(S19)-LEN(SUBSTITUTE(S19,",",""))+1 -> 1
A20: 19 | B20: 唐胜杰 | C20: Tang Shengjie | D20: =DATEDIF(L20,TODAY(),"Y") -> 36 | E20: 2020 | F20: 3 | G20: 驾驶员 | H20: =IF(SUMIF(乘组!G:G,航天员!B20,乘组!D:D)<0,"",SUMIF(乘组!G:G,航天员!B20,乘组!D:D)) -> 187 | I20: =COUNTIF(乘组!G:G,B20) -> 1 | J20: =SUMIF(出舱!D:D,航天员!B20,出舱!E:E) -> 1 | K20: 甘肃定西市 | L20: 32843 | M20: 出生日不详 | R20: 43 | S20: {=_xlfn.TEXTJOIN(",",TRUE,_xlfn._xlws.FILTER($B$2:$B$31,$H$2:$H$31=R20))} -> 张志远,黎家盈(女) | X20: =LEN(S20)-LEN(SUBSTITUTE(S20,",",""))+1 -> 2
A21: 20 | B21: 江新林 | C21: Jiang xinlin | D21: =DATEDIF(L21,TODAY(),"Y") -> 38 | E21: 2020 | F21: 3 | G21: 驾驶员 | H21: =IF(SUMIF(乘组!G:G,航天员!B21,乘组!D:D)<0,"",SUMIF(乘组!G:G,航天员!B21,乘组!D:D)) -> 187 | I21: =COUNTIF(乘组!G:G,B21) -> 1 | J21: =SUMIF(出舱!D:D,航天员!B21,出舱!E:E) -> 1 | K21: 河南杞县 | L21: 32174 | M21: 出生日不详 | O21: 姓氏 | P21: =SUM(_xlfn.ANCHORARRAY(P22)) -> 30 | R21: 15 | S21: {=_xlfn.TEXTJOIN(",",TRUE,_xlfn._xlws.FILTER($B$2:$B$31,$H$2:$H$31=R21))} -> 张晓光 | X21: =LEN(S21)-LEN(SUBSTITUTE(S21,",",""))+1 -> 1
A22: 21 | B22: 李聪 | C22: Li Chong | D22: =DATEDIF(L22,TODAY(),"Y") -> 36 | E22: 2020 | F22: 3 | G22: 驾驶员 | H22: =IF(SUMIF(乘组!G:G,航天员!B22,乘组!D:D)<0,"",SUMIF(乘组!G:G,航天员!B22,乘组!D:D)) -> 193 | I22: =COUNTIF(乘组!G:G,B22) -> 1 | J22: =SUMIF(出舱!D:D,航天员!B22,出舱!E:E) -> 1 | K22: 河北邯郸市 | L22: 32782 | M22: 出生日不详 | O22: {=_xlfn.SORTBY(_xlfn.UNIQUE(LEFT($B$2:$B$31,1)),COUNTIF($B$2:$B$31,_xlfn.UNIQUE(LEFT($B$2:$B$31,1))&"*"),-1)} -> 张 | P22: {=COUNTIF($B$2:$B$31,_xlfn.ANCHORARRAY(O22)&"*")} -> 4 | R22: 13 | S22: {=_xlfn.TEXTJOIN(",",TRUE,_xlfn._xlws.FILTER($B$2:$B$31,$H$2:$H$31=R22))} -> 刘旺 | X22: =LEN(S22)-LEN(SUBSTITUTE(S22,",",""))+1 -> 1
A23: 22 | B23: 李广苏 | C23: Li Guangsu | D23: =DATEDIF(L23,TODAY(),"Y") -> 39 | E23: 2020 | F23: 3 | G23: 驾驶员 | H23: =IF(SUMIF(乘组!G:G,航天员!B23,乘组!D:D)<0,"",SUMIF(乘组!G:G,航天员!B23,乘组!D:D)) -> 193 | I23: =COUNTIF(乘组!G:G,B23) -> 1 | J23: =SUMIF(出舱!D:D,航天员!B23,出舱!E:E) -> 1 | K23: 江苏沛县 | L23: 31959 | M23: 出生日不详 | O23: 刘 | P23: 3 | R23: 1 | S23: {=_xlfn.TEXTJOIN(",",TRUE,_xlfn._xlws.FILTER($B$2:$B$31,$H$2:$H$31=R23))} -> 杨利伟 | X23: =LEN(S23)-LEN(SUBSTITUTE(S23,",",""))+1 -> 1
A24: 23 | B24: 宋令东 | C24: Song Lingdong | D24: =DATEDIF(L24,TODAY(),"Y") -> 35 | E24: 2020 | F24: 3 | G24: 驾驶员 | H24: =IF(SUMIF(乘组!G:G,航天员!B24,乘组!D:D)<0,"",SUMIF(乘组!G:G,航天员!B24,乘组!D:D)) -> 182 | I24: =COUNTIF(乘组!G:G,B24) -> 1 | J24: =SUMIF(出舱!D:D,航天员!B24,出舱!E:E) -> 3 | K24: 山东曹县 | L24: 33086 | M24: 出生日不详 | O24: 王 | P24: 3 | S24: {=IF(R24="","",_xlfn.TEXTJOIN(",",TRUE,_xlfn._xlws.FILTER($B$2:$B$31,$H$2:$H$31=R24)))} | X24: =IF(R24="","",LEN(S24)-LEN(SUBSTITUTE(S24,",",""))+1)
A25: 24 | B25: 王浩泽(女) | C25: Wang Haoze(F) | D25: =DATEDIF(L25,TODAY(),"Y") -> 36 | E25: 2020 | F25: 3 | G25: 工程师 | H25: =IF(SUMIF(乘组!G:G,航天员!B25,乘组!D:D)<0,"",SUMIF(乘组!G:G,航天员!B25,乘组!D:D)) -> 182 | I25: =COUNTIF(乘组!G:G,B25) -> 1 | J25: =SUMIF(出舱!D:D,航天员!B25,出舱!E:E) -> 0 | K25: 河北滦平县 | L25: 32933 | M25: 出生日不详 | O25: 陈 | P25: 2
A26: 25 | B26: 陈中瑞 | C26: Chen Zhongrui | D26: =DATEDIF(L26,TODAY(),"Y") -> 41 | E26: 2020 | F26: 3 | G26: 驾驶员 | H26: =IF(SUMIF(乘组!G:G,航天员!B26,乘组!D:D)<0,"",SUMIF(乘组!G:G,航天员!B26,乘组!D:D)) -> 204 | I26: =COUNTIF(乘组!G:G,B26)-1 -> 1 | J26: =SUMIF(出舱!D:D,航天员!B26,出舱!E:E) -> 3 | K26: 河南滑县 | L26: 30956 | M26: 出生日不详 | O26: 李 | P26: 2 | R26: 出生 | S26: =SUM(_xlfn.ANCHORARRAY(S27)) -> 30 | U26: 批次 | V26: =SUM(V27:V30) -> 30
A27: 26 | B27: 王杰 | C27: Wang Jie | D27: =DATEDIF(L27,TODAY(),"Y") -> 36 | E27: 2020 | F27: 3 | G27: 工程师 | H27: =IF(SUMIF(乘组!G:G,航天员!B27,乘组!D:D)<0,"",SUMIF(乘组!G:G,航天员!B27,乘组!D:D)) -> 204 | I27: =COUNTIF(乘组!G:G,B27)-1 -> 1 | J27: =SUMIF(出舱!D:D,航天员!B27,出舱!E:E) -> 2 | K27: 内蒙古巴彦淖尔市 | L27: 32752 | M27: 出生日不详 | O27: 杨 | P27: 1 | R27: {=_xlfn.SORTBY(_xlfn.UNIQUE(LEFT($K$2:$K$31,2)),COUNTIF($K$2:$K$31,_xlfn.UNIQUE(LEFT($K$2:$K$31,2))&"*"),-1)} -> 河南 | S27: {=COUNTIF($K$2:$K$31,_xlfn.ANCHORARRAY(R27)&"*")} -> 4 | U27: {=_xlfn.UNIQUE($F$2:$F$31)} -> 1 | V27: =COUNTIF($F$2:$F$31,U27) -> 9
A28: 27 | B28: 武飞 | C28: Wu Fei | D28: =DATEDIF(L28,TODAY(),"Y") -> 32 | E28: 2020 | F28: 3 | G28: 工程师 | H28: =IF(SUMIF(乘组!G:G,航天员!B28,乘组!D:D)<0,"",SUMIF(乘组!G:G,航天员!B28,乘组!D:D)) -> 210 | I28: =COUNTIF(乘组!G:G,B28)-2 -> 1 | J28: =SUMIF(出舱!D:D,航天员!B28,出舱!E:E) -> 3 | K28: 内蒙古包头市 | L28: 34243 | M28: 出生日不详 | O28: 费 | P28: 1 | R28: 江苏 | S28: 3 | U28: 2 | V28: =COUNTIF($F$2:$F$31,U28) -> 7
A29: 28 | B29: 张洪章 | C29: Zhang Hongzhang | D29: =DATEDIF(L29,TODAY(),"Y") -> 40 | E29: 2020 | F29: 3 | G29: 载荷家 | H29: =IF(SUMIF(乘组!G:G,航天员!B29,乘组!D:D)<0,"",SUMIF(乘组!G:G,航天员!B29,乘组!D:D)) -> 210 | I29: =COUNTIF(乘组!G:G,B29)-2 -> 1 | J29: =SUMIF(出舱!D:D,航天员!B29,出舱!E:E) -> 0 | K29: 山东邹平市 | L29: 31503 | M29: 出生日不详 | O29: 聂 | P29: 1 | R29: 山东 | S29: 3 | U29: 3 | V29: =COUNTIF($F$2:$F$31,U29) -> 13
A30: 29 | B30: 张志远 | C30: Zhang Zhiyuan | D30: =DATEDIF(L30,TODAY(),"Y") -> 40 | E30: 2020 | F30: 3 | G30: 驾驶员 | H30: =IF(SUMIF(乘组!G:G,航天员!B30,乘组!D:D)<0,"0",SUMIF(乘组!G:G,航天员!B30,乘组!D:D)) -> 43 | I30: =COUNTIF(乘组!G:G,B30) -> 1 | J30: =SUMIF(出舱!D:D,航天员!B30,出舱!E:E) -> 0 | K30: 甘肃白银市 | L30: 31564 | M30: 出生日不详* | O30: 翟 | P30: 1 | R30: 河北 | S30: 3 | U30: 4 | V30: =COUNTIF($F$2:$F$31,U30) -> 1
A31: 30 | B31: 黎家盈(女) | C31: Li Jiaying(F) | D31: =DATEDIF(L31,TODAY(),"Y") -> 43 | E31: 2024 | F31: 4 | G31: 载荷家 | H31: =IF(SUMIF(乘组!G:G,航天员!B31,乘组!D:D)<0,"0",SUMIF(乘组!G:G,航天员!B31,乘组!D:D)) -> 43 | I31: =COUNTIF(乘组!G:G,B31) -> 1 | J31: =SUMIF(出舱!D:D,航天员!B31,出舱!E:E) -> 0 | K31: 香港 | L31: 30256 | M31: 出生日不详* | O31: 景 | P31: 1 | R31: 辽宁 | S31: 2
A32: 31 | B32: 乙某某 | E32: 2020 | F32: 3 | G32: 驾驶员 | O32: 汤 | P32: 1 | R32: 黑龙 | S32: 2 | U32: 年龄 | V32: =SUM(V33:V36) -> 30
A33: 32 | B33: 胡拉姆(巴) | C33: Khurram Daud(P) | E33: 2026 | F33: 5 | G33: 载荷家 | K33: 巴基斯坦 | O33: 叶 | P33: 1 | R33: 山西 | S33: 2 | U33: ≧60 | V33: =COUNTIF($D$2:$D$31,">=60") -> 5
A34: 33 | B34: 穆罕默德(巴) | C34: Muhammad Zeeshan Ali(P) | E34: 2026 | F34: 5 | G34: 载荷家 | K34: 巴基斯坦 | O34: 蔡 | P34: 1 | R34: 湖南 | S34: 2 | U34: 50-59 | V34: =COUNTIFS($D$2:$D$31,">=50",$D$2:$D$31,"<60") -> 6
O35: 邓 | P35: 1 | R35: 甘肃 | S35: 2 | U35: 40-49 | V35: =COUNTIFS($D$2:$D$31,">=40",$D$2:$D$31,"<50") -> 9
B36: 连续在轨日 | C36: =_xlfn.CONCAT("航天员（截止",TEXT(TODAY(),"YYYY年MM月DD日"),"）") -> 航天员（截止2026年07月06日） | I36: =SUM(I37:I48) -> 30 | O36: 朱 | P36: 1 | R36: 内蒙 | S36: 2 | U36: 30-39 | V36: =COUNTIF($D$2:$D$31,"<40") -> 10
B37: 210 | C37: 张陆,武飞,张洪章 | I37: =LEN(C37)-LEN(SUBSTITUTE(C37,",",""))+1 -> 3 | O37: 桂 | P37: 1 | R37: 湖北 | S37: 1
B38: 204 | C38: 陈冬,陈中瑞,王杰 | I38: =LEN(C38)-LEN(SUBSTITUTE(C38,",",""))+1 -> 3 | O38: 唐 | P38: 1 | R38: 四川 | S38: 1 | U38: 类型 | V38: =SUM(V39:V41) -> 30
B39: 193 | C39: 叶光富,李聪,李广苏 | I39: =LEN(C39)-LEN(SUBSTITUTE(C39,",",""))+1 -> 3 | O39: 江 | P39: 1 | R39: 江西 | S39: 1 | U39: {=_xlfn.SORTBY(_xlfn.UNIQUE($G$2:$G$31),COUNTIF($G$2:$G$31,_xlfn.UNIQUE($G$2:$G$31)&"*"),-1)} -> 驾驶员 | V39: {=COUNTIF($G$2:$G$31,_xlfn.ANCHORARRAY(U39)&"*")} -> 23
B40: 187 | C40: 费俊龙,邓清明,汤洪波,唐胜杰,江新林 | I40: =LEN(C40)-LEN(SUBSTITUTE(C40,",",""))+1 -> 5 | O40: 宋 | P40: 1 | R40: 云南 | S40: 1 | U40: 工程师 | V40: 4
B41: 182 | C41: 翟志刚,王亚平(女),刘洋(女),蔡旭哲,宋令东,王浩泽(女) | I41: =LEN(C41)-LEN(SUBSTITUTE(C41,",",""))+1 -> 6 | O41: 武 | P41: 1 | R41: 香港 | S41: 1 | U41: 载荷家 | V41: 3
B42: =IF(H18-2*B43>0,H18-B43,_xlfn.CONCAT(B43,"(",H18-B43,")")) -> 154(43) | C42: 朱杨柱 | I42: =LEN(C42)-LEN(SUBSTITUTE(C42,",",""))+1 -> 1 | O42: 黎 | P42: 1
B43: 154 | C43: 景海鹏,桂海潮 | I43: =LEN(C43)-LEN(SUBSTITUTE(C43,",",""))+1 -> 2
B44: 92 | C44: 聂海胜,刘伯明 | I44: =LEN(C44)-LEN(SUBSTITUTE(C44,",",""))+1 -> 2
B45: =H30 -> 43 | C45: 张志远,黎家盈(女) | I45: =LEN(C45)-LEN(SUBSTITUTE(C45,",",""))+1 -> 2
B46: 15 | C46: 张晓光 | I46: =LEN(C46)-LEN(SUBSTITUTE(C46,",",""))+1 -> 1
B47: 13 | C47: 刘旺 | I47: =LEN(C47)-LEN(SUBSTITUTE(C47,",",""))+1 -> 1
B48: 1 | C48: 杨利伟 | I48: =LEN(C48)-LEN(SUBSTITUTE(C48,",",""))+1 -> 1

Sheet 乘组预测
A1: 日期 | B1: 火箭 | C1: 地点 | D1: 距春节 日数
A2: 36551 | B2: 长征三号甲 | C2: 西昌 | D2: =A3-A2 -> 10
A3: 36561 | B3: 春节
A4: 36702 | B4: 长征三号 | C4: 西昌 | D4: =A4-A3 -> 141
A5: 36901 | B5: 长征二号己 | C5: 酒泉 | D5: =A6-A5 -> 14
A6: 36915 | B6: 春节
A7: 37299 | B7: 春节
A8: 37340 | B8: 长征二号己 | C8: 酒泉 | D8: =A8-A7 -> 41
A9: 37620 | B9: 长征二号己 | C9: 酒泉 | D9: =A10-A9 -> 33
A10: 37653 | B10: 春节
A11: 37766 | B11: 长征三号甲 | C11: 西昌 | D11: =A11-A10 -> 113
A12: 37985 | B12: 长征二号丙 | C12: 西昌 | D12: =A13-A12 -> 23
A13: 38008 | B13: 春节
A14: 38095 | B14: 长征二号丙 | C14: 西昌 | D14: =A14-A13 -> 87
A15: 38309 | B15: 长征二号丙 | C15: 西昌 | D15: =A16-A15 -> 83
A16: 38392 | B16: 春节
A17: 38454 | B17: 长征三号乙 | C17: 西昌 | D17: =A17-A16 -> 62
A18: 38637 | B18: 长征二号己 | C18: 酒泉 | D18: =A19-A18 -> 109
A19: 38746 | B19: 春节
A20: 38834 | B20: 长征四号丙 | C20: 太原 | D20: =A20-A19 -> 88
A21: 39116 | B21: 长征三号甲 | C21: 西昌 | D21: =A22-A21 -> 15
A22: 39131 | B22: 春节
A23: 39183 | B23: 长征二号丙 | C23: 太原 | D23: =A23-A22 -> 52
A24: 39398 | B24: 长征四号丙 | C24: 太原 | D24: =A25-A24 -> 87
A25: 39485 | B25: 春节
A26: 39563 | B26: 长征三号丙 | C26: 西昌 | D26: =A26-A25 -> 78
A27: 39805 | B27: 长征三号甲 | C27: 西昌 | D27: =A28-A27 -> 33
A28: 39838 | B28: 春节
A29: 39918 | B29: 长征三号丙 | C29: 西昌 | D29: =A29-A28 -> 80
A30: 40195 | B30: 长征三号丙 | C30: 西昌 | D30: =A31-A30 -> 28
A31: 40223 | B31: 春节
A32: 40242 | B32: 长征四号丙 | C32: 酒泉 | D32: =A32-A31 -> 19
A33: 40530 | B33: 长征三号甲 | C33: 西昌 | D33: =A34-A33 -> 47
A34: 40577 | B34: 春节
A35: 40643 | B35: 长征三号甲 | C35: 西昌 | D35: =A35-A34 -> 66
A36: 40921 | B36: 长征三号甲 | C36: 西昌 | D36: =A37-A36 -> 10
A37: 40931 | B37: 春节
A38: 40964 | B38: 长征三号丙 | C38: 西昌 | D38: =A38-A37 -> 33
A39: 41262 | B39: 长征二号丁 | C39: 酒泉 | D39: =A40-A39 -> 53
A40: 41315 | B40: 春节
A41: 41390 | B41: 长征二号丁 | C41: 酒泉 | D41: =A41-A40 -> 75
A42: 41629 | B42: 长征三号乙 | C42: 西昌 | D42: =A43-A42 -> 41
A43: 41670 | B43: 春节
A44: 41729 | B44: 长征二号丙 | C44: 酒泉 | D44: =A44-A43 -> 59
A45: 42004 | B45: 长征三号甲 | C45: 西昌 | D45: =A46-A45 -> 50
A46: 42054 | B46: 春节
A47: 42093 | B47: 长征三号丙/远征一号 | C47: 西昌 | D47: =A47-A46 -> 39
A48: 42385 | B48: 长征三号乙 | C48: 西昌 | D48: =A50-A48 -> 23
A49: 42401 | B49: 长征三号丙/远征一号 | C49: 西昌 | D49: =A50-A49 -> 7
A50: 42408 | B50: 春节
A51: 42459 | B51: 长征三号甲 | C51: 西昌 | D51: =A51-A50 -> 51
A52: 42740 | B52: 长征三号乙 | C52: 西昌 | D52: =A54-A52 -> 23
A53: 42744 | B53: 快舟一号甲 | C53: 酒泉 | D53: =A54-A53 -> 19
A54: 42763 | B54: 春节
A55: 42797 | B55: 开拓者二号A | C55: 酒泉 | D55: =A55-A54 -> 34
A56: 43109 | B56: 长征二号丁 | C56: 太原 | D56: =A63-A56 -> 38
A57: 43112 | B57: 长征三号乙 | C57: 西昌 | D57: =A63-A57 -> 35
A58: 43113 | B58: 长征二号丁 | C58: 酒泉 | D58: =A63-A58 -> 34
A59: 43119 | B59: 长征十一号 | C59: 酒泉 | D59: =A63-A59 -> 28
A60: 43125 | B60: 长征二号丙 | C60: 西昌 | D60: =A63-A60 -> 22
A61: 43133 | B61: 长征二号丁 | C61: 酒泉 | D61: =A63-A61 -> 14
A62: 43143 | B62: 长征三号乙 | C62: 西昌 | D62: =A63-A62 -> 4
A63: 43147 | B63: 春节
A64: 43176 | B64: 长征二号丁 | C64: 酒泉 | D64: =A64-A63 -> 29
A65: 43476 | B65: 长征三号乙 | C65: 西昌 | D65: =A67-A65 -> 25
A66: 43486 | B66: 长征十一号 | C66: 酒泉 | D66: =A67-A66 -> 15
A67: 43501 | B67: 春节
A68: 43534 | B68: 长征三号乙 | C68: 西昌 | D68: =A68-A67 -> 33
A69: 43837 | B69: 长征三号乙 | C69: 西昌 | D69: =A72-A69 -> 18
A70: 43845 | B70: 长征二号丁 | C70: 太原 | D70: =A72-A70 -> 10
A71: 43846 | B71: 快舟一号甲 | C71: 酒泉 | D71: =A72-A71 -> 9
A72: 43855 | B72: 春节 | F72: =TODAY() -> 46209
A73: 43881 | B73: 长征二号丁 | C73: 西昌 | D73: =A73-A72 -> 26 | F73: 货运飞船 | G73: 发射日期 | H73: 返回日期 | I73: 滞空日数 | J73: 交会日数
A74: 44216 | B74: 长征三号乙 | C74: 西昌 | D74: =A78-A74 -> 26 | F74: 天舟一号 | G74: 42845 | H74: 43000 | I74: =H74-G74 -> 155 | J74: =H74-G75 -> -1345
A75: 44225 | B75: 长征四号丙 | C75: 酒泉 | D75: =A78-A75 -> 17 | F75: 天舟二号 | G75: 44345 | H75: 44651 | I75: =H75-G75 -> 306 | J75: =H75-G76 -> 192
A76: 44228 | B76: 双曲线一号 | C76: 酒泉 | D76: =A78-A76 -> 14 | F76: 天舟三号 | G76: 44459 | H76: 44769 | I76: =H76-G76 -> 310 | J76: =H76-G77 -> 78
A77: 44231 | B77: 长征三号乙 | C77: 西昌 | D77: =A78-A77 -> 11 | F77: 天舟四号 | G77: 44691 | H77: 44880 | I77: =H77-G77 -> 189 | J77: =H77-G78 -> 3
A78: 44242 | B78: 春节 | F78: 天舟五号 | G78: 44877 | H78: 45181 | I78: =H78-G78 -> 304 | J78: =H78-G79 -> 125
A79: 44251 | B79: 长征四号丙 | C79: 酒泉 | D79: =A79-A78 -> 9 | F79: 天舟六号 | G79: 45056 | H79: 45310 | I79: =H79-G79 -> 254 | J79: =H79-G80 -> 2
A80: 44578 | B80: 长征二号丁 | C80: 太原 | D80: =A82-A80 -> 15 | F80: 天舟七号 | G80: 45308 | H80: =G81+2 -> 45613 | I80: 305 | J80: =H80-G81 -> 2
A81: 44587 | B81: 长征四号丙 | C81: 酒泉 | D81: =A82-A81 -> 6 | F81: 天舟八号 | G81: 45611 | H81: 45847 | I81: 236 | J81: =H81-G82 -> -6
A82: 44593 | B82: 春节 | F82: 天舟九号 | G82: 45853 | H82: =G82+296 -> 46149 | I82: 296 | J82: =H82-G83 -> -4
A83: 44619 | B83: 长征四号丙 | C83: 酒泉 | D83: =A83-A82 -> 26 | F83: 天舟十号 | G83: 46153 | H83: =G83+360 -> 46513 | I83: =IF(AND(G83>$F$72,H83>$F$72),CONCATENATE(0,"/",H83-G83),CONCATENATE($F$72-G83,"/",H83-G83)) -> 56/360 | J83: =H83-G84 -> -4
A84: 44619 | B84: 长征八号 | C84: 文昌 | D84: =A84-A82 -> 26 | F84: 天舟十一号 | G84: 46517 | H84: =G84+300 -> 46817 | I84: =IF(AND(G84>$F$72,H84>$F$72),CONCATENATE(0,"/",H84-G84),CONCATENATE($F$72-G84,"/",H84-G84)) -> 0/300 | J84: =H84-G85 -> -4 | AH84: 成立者 | AI84: 出身
A85: 44935 | B85: 长征七号甲 | C85: 文昌 | D85: =A90-A85 -> 13 | F85: 天舟十二号 | G85: 46821 | H85: =G85+300 -> 47121 | I85: =IF(AND(G85>$F$72,H85>$F$72),CONCATENATE(0,"/",H85-G85),CONCATENATE($F$72-G85,"/",H85-G85)) -> 0/300 | J85: =H85-G86 -> -4
A86: 44935 | B86: 谷神星一号 | C86: 酒泉 | D86: =A90-A86 -> 13 | F86: 天舟十三号 | G86: 47125 | H86: =G86+300 -> 47425 | I86: =IF(AND(G86>$F$72,H86>$F$72),CONCATENATE(0,"/",H86-G86),CONCATENATE($F$72-G86,"/",H86-G86)) -> 0/300 | J86: - | AA86: =CONCATENATE("民营航天企业发射统计（截止",TEXT(TODAY(),"YYYY年MM月DD日"),"）") -> 民营航天企业发射统计（截止2026年07月06日）
A87: 44939 | B87: 长征二号丙 | C87: 西昌 | D87: =A90-A87 -> 9 | AA87: 成立时间 | AB87: 企业名 | AC87: 火箭名 | AD87: 首飞日 | AE87: 发射数 | AF87: 成功数 | AG87: 成功率
A88: 44939 | B88: 长征二号己 | C88: 酒泉 | D88: =A90-A88 -> 9 | F88: =TODAY() -> 46209 | AA88: 2015 | AB88: 蓝箭航天 | AC88: 朱雀一号 | AD88: 43400 | AE88: 1 | AF88: 0 | AG88: =IF(AND(AE88<>0,AE88<>"-"),AF88/AE88,"-") -> 0 | AH88: 王建蒙 | AI88: 中国卫星发射测控系统部原高级工程师 | AJ88: =SUM(AF88:AF91)/SUM(AE88:AE91) -> 0.7
A89: 44941 | B89: 长征二号丁 | C89: 太原 | D89: =A90-A89 -> 7 | F89: 货运飞船 | G89: 发射日期 | H89: 返回日期 | I89: 滞空日数 | J89: 相隔日数 | AC89: 朱雀二号 | AD89: 44909 | AE89: =火箭年間統計!AR9 -> 3 | AF89: =火箭年間統計!AR8 -> 2 | AG89: =IF(AND(AE89<>0,AE89<>"-"),AF89/AE89,"-") -> 0.66666667 | AH89: 吴树范 | AI89: 欧洲航天局
A90: 44948 | B90: 春节 | F90: 昊龙一号 | G90: 46325 | H90: =G90+15 -> 46340 | I90: =IF(AND(G90>$F$88,H90>$F$88),CONCATENATE(0,"/",H90-G90),CONCATENATE($F$88-G90,"/",H90-G90)) -> 0/15 | AC90: 朱雀二号Ｅ | AD90: 45623 | AE90: =火箭年間統計!AS$9 -> 5 | AF90: =火箭年間統計!AS$8 -> 4 | AG90: =IF(AND(AE90<>0,AE90<>"-"),AF90/AE90,"-") -> 0.8
A91: 44980 | B91: 谷神星一号 | C91: 酒泉 | D91: =A91-A90 -> 32 | F91: 轻舟一号 | G91: 46417 | H91: =G91+15 -> 46432 | I91: =IF(AND(G91>$F$88,H91>$F$88),CONCATENATE(0,"/",H91-G91),CONCATENATE($F$88-G91,"/",H91-G91)) -> 0/15 | AC91: 朱雀三号 | AD91: 45994 | AE91: =火箭年間統計!AT$9 -> 1 | AF91: =火箭年間統計!AT$8 -> 1 | AG91: =IF(AND(AE91<>0,AE91<>"-"),AF91/AE91,"-") -> 1 | AH91: 姚博文 | AI91: 航天一院
A92: 45302 | B92: 引力一号 | C92: 海上 | D92: =$A$97-A92 -> 30 | AA92: 2015 | AB92: 零壹空间 | AC92: OS-M | AD92: 43551 | AE92: 1 | AF92: 0 | AG92: =IF(AND(AE92<>0,AE92<>"-"),AF92/AE92,"-") -> 0 | AH92: 彭小波 | AI92: 航天一院
A93: 45308 | B93: 长征七号 | C93: 文昌 | D93: =$A$97-A93 -> 24 | AA93: 2016 | AB93: 星际荣耀 | AC93: 双曲线一号 | AD93: 43671 | AE93: =火箭年間統計!AV$9 -> 8 | AF93: =火箭年間統計!AV$8 -> 4 | AG93: =IF(AND(AE93<>0,AE93<>"-"),AF93/AE93,"-") -> 0.5
A94: 45314 | B94: 长征二号丙 | C94: 西昌 | D94: =$A$97-A94 -> 18 | AC94: 双曲线三号 | AD94: 46387 | AE94: - | AF94: - | AG94: =IF(AND(AE94<>0,AE94<>"-"),AF94/AE94,"-") -> -
A95: 45325 | B95: 长征二号丙 | C95: 西昌 | D95: =$A$97-A95 -> 7 | F95: =TODAY() -> 46209 | AA95: 2016 | AB95: 深蓝航天 | AC95: 星云一号 | AD95: 46170 | AG95: =IF(AND(AE95<>0,AE95<>"-"),AF95/AE95,"-") -> -
A96: 45325 | B96: 捷龙三号 | C96: 海上 | D96: =$A$97-A96 -> 7 | F96: 载人飞船 | G96: 发射日期 | H96: 返回日期 | I96: 在轨日数 | J96: 在轨航天员和交会日数(括号为返回时年龄) | AC96: 星云二号 | AD96: 46387 | AE96: - | AF96: - | AG96: =IF(AND(AE96<>0,AE96<>"-"),AF96/AE96,"-") -> - | AH96: 刘百奇 | AI96: 航天一院（中国运载火箭技术研究院）
A97: 45332 | B97: 春节 | F97: 神舟一号 | G97: 36484 | H97: 36485 | I97: =H97-G97 -> 1 | J97: 无人 | AA97: 2017 | AB97: 星途探索 | AC97: - | AD97: - | AE97: - | AF97: - | AG97: =IF(AND(AE97<>0,AE97<>"-"),AF97/AE97,"-") -> - | AH97: 夏东坤 | AI97: 航天一院十余年航天型号研制与战略管理经验
A98: 45345 | B98: 长征五号 | C98: 文昌 | D98: =A98-$A$97 -> 13 | F98: 神舟二号 | G98: 36901 | H98: 36907 | I98: =H98-G98 -> 6 | J98: 无人 | AA98: 2017 | AB98: 九州云箭 | AC98: - | AD98: - | AE98: - | AF98: - | AG98: =IF(AND(AE98<>0,AE98<>"-"),AF98/AE98,"-") -> -
A99: 45680 | B99: 长征三号乙/长征六号甲 | C99: 西昌/太原 | D99: =A100-A99 -> 6 | F99: 神舟三号 | G99: 37340 | H99: 37347 | I99: =H99-G99 -> 7 | J99: 无人 | AA99: 2018 | AB99: 星河动力 | AC99: 谷神星一号 | AD99: 44142 | AE99: =火箭年間統計!AY$9 -> 17 | AF99: =火箭年間統計!AY$8 -> 15 | AG99: =IF(AND(AE99<>0,AE99<>"-"),AF99/AE99,"-") -> 0.88235294 | AJ99: =SUM(AF99:AF101)/SUM(AE99:AE101) -> 0.875
A100: 45686 | B100: 春节 | F100: 神舟四号 | G100: 37620 | H100: 37626 | I100: =H100-G100 -> 6 | J100: 无人 | AC100: 谷神星一号海 | AD100: 45174 | AE100: =火箭年間統計!AZ$9 -> 6 | AF100: =火箭年間統計!AZ$8 -> 6 | AG100: =IF(AND(AE100<>0,AE100<>"-"),AF100/AE100,"-") -> 1
...

Sheet 乘组
A1: 发射日期 | B1: 着陆日期 | C1: 着陆经纬度 | D1: 在轨 | E1: 飞船 | F1: 缩写 | G1: 航天员 | H1: 拼音 | I1: 入选 | J1: 批次 | K1: 排名 | L1: 出生日期 | M1: 年龄 | N1: 类型 | P1: 总日数 | Q1: 在轨日数 | R1: 航天员 | S1: 发射日期 | T1: 着陆日期 | U1: 载人飞船 | V1: Ship | W1: 序号差
A2: 36484 | B2: 36485 | C2: 北纬042.5° 东经112.2° | D2: =B2-A2 -> 1 | E2: 神舟一号 | F2: SZ-1 | G2: 无人 | H2: - | I2: - | J2: - | K2: - | L2: - | M2: - | N2: -
A3: 36901 | B3: 36907 | C3: 北纬041.9263° 东经110.7800° | D3: =B3-A3 -> 6 | E3: 神舟二号 | F3: SZ-2 | G3: 无人 | H3: - | I3: - | J3: - | K3: - | L3: - | M3: - | N3: -
A4: 37340 | B4: 37347 | C4: 北纬042°21'01" 东经111°12'44" | D4: =B4-A4 -> 7 | E4: 神舟三号 | F4: SZ-3 | G4: 无人 | H4: - | I4: - | J4: - | K4: - | L4: - | M4: - | N4: -
A5: 37620 | B5: 37626 | C5: 北纬042°31' 东经111°23' | D5: =B5-A5 -> 6 | E5: 神舟四号 | F5: SZ-4 | G5: 无人 | H5: - | I5: - | J5: - | K5: - | L5: - | M5: - | N5: -
A6: 37909 | B6: 37910 | C6: 北纬042°14'35.95" 东经111°29'36.02" | D6: =B6-A6 -> 1 | E6: 神舟五号 | F6: SZ-5 | G6: 杨利伟 | H6: Yang Liwei | I6: 1998 | J6: 1 | K6: 1 | L6: 23914 | M6: =DATEDIF(L6,TODAY(),"Y") -> 61 | N6: 驾驶员
A7: 38637 | B7: 38642 | C7: 北纬042°21'58" 东经111°25'52" | D7: =B7-A7 -> 5 | E7: 神舟六号 | F7: SZ-6 | G7: 费俊龙 | H7: Fei Junlong | I7: 1998 | J7: 1 | K7: 2 | L7: 23867 | M7: =DATEDIF(L7,TODAY(),"Y") -> 61 | N7: 驾驶员
A8: 38637 | B8: 38642 | D8: =B8-A8 -> 5 | E8: 神舟六号 | F8: SZ-6 | G8: 聂海胜 | H8: Nie Haisheng | I8: 1998 | J8: 1 | K8: 3 | L8: 23664 | M8: =DATEDIF(L8,TODAY(),"Y") -> 61 | N8: 驾驶员
A9: 39716 | B9: 39719 | C9: 北纬042°16'37" 东经111°21'34" | D9: =B9-A9 -> 3 | E9: 神舟七号 | F9: SZ-7 | G9: 翟志刚 | H9: Zhai Zhigang | I9: 1998 | J9: 1 | K9: 4 | L9: 24390 | M9: =DATEDIF(L9,TODAY(),"Y") -> 59 | N9: 驾驶员
A10: 39716 | B10: 39719 | D10: =B10-A10 -> 3 | E10: 神舟七号 | F10: SZ-7 | G10: 刘伯明 | H10: Liu Boming | I10: 1998 | J10: 1 | K10: 5 | L10: 24367 | M10: =DATEDIF(L10,TODAY(),"Y") -> 59 | N10: 驾驶员
A11: 39716 | B11: 39719 | D11: =B11-A11 -> 3 | E11: 神舟七号 | F11: SZ-7 | G11: 景海鹏 | H11: Jing Haipeng | I11: 1998 | J11: 1 | K11: 6 | L11: 24404 | M11: =DATEDIF(L11,TODAY(),"Y") -> 59 | N11: 驾驶员
A12: 40815 | B12: 43192 | C12: - | D12: =B12-A12 -> 2377 | E12: 天宫一号 | F12: TG-1 | G12: - | H12: - | I12: - | J12: - | K12: - | L12: - | M12: - | N12: -
A13: 40848 | B13: 40864 | C13: 北纬042°20'35" 东经111°16'15" | D13: =B13-A13 -> 16 | E13: 神舟八号 | F13: SZ-8 | G13: 无人 | H13: - | I13: - | J13: - | K13: - | L13: - | M13: - | N13: -
A14: 41076 | B14: 41089 | C14: 北纬042°15'47.81" 东经111°15'44.44" | D14: =B14-A14 -> 13 | E14: 神舟九号 | F14: SZ-9 | G14: 景海鹏 | H14: Jing Haipeng | I14: 1998 | J14: 1 | K14: 6 | L14: =L11 -> 24404 | M14: =DATEDIF(L14,TODAY(),"Y") -> 59 | N14: 驾驶员
A15: 41076 | B15: 41089 | D15: =B15-A15 -> 13 | E15: 神舟九号 | F15: SZ-9 | G15: 刘旺 | H15: Liu Wang | I15: 1998 | J15: 1 | K15: 7 | L15: 25287 | M15: =DATEDIF(L15,TODAY(),"Y") -> 57 | N15: 驾驶员
A16: 41076 | B16: 41089 | D16: =B16-A16 -> 13 | E16: 神舟九号 | F16: SZ-9 | G16: 刘洋(女) | H16: Liu Yang(F) | I16: 2010 | J16: 2 | K16: 8 | L16: 28769 | M16: =DATEDIF(L16,TODAY(),"Y") -> 47 | N16: 驾驶员
A17: 41436 | B17: 41451 | C17: 北纬042°19'36" 东经111°21'01" | D17: =B17-A17 -> 15 | E17: 神舟十号 | F17: SZ-10 | G17: 聂海胜 | H17: Nie Haisheng | I17: 1998 | J17: 1 | K17: 3 | L17: =L8 -> 23664 | M17: =DATEDIF(L17,TODAY(),"Y") -> 61 | N17: 驾驶员
A18: 41436 | B18: 41451 | D18: =B18-A18 -> 15 | E18: 神舟十号 | F18: SZ-10 | G18: 张晓光 | H18: Zhang Xiaoguang | I18: 1998 | J18: 1 | K18: 9 | L18: 24228 | M18: =DATEDIF(L18,TODAY(),"Y") -> 60 | N18: 驾驶员
A19: 41436 | B19: 41451 | D19: =B19-A19 -> 15 | E19: 神舟十号 | F19: SZ-10 | G19: 王亚平(女) | H19: Wang Yaping(F) | I19: 2010 | J19: 2 | K19: 10 | L19: 29247 | M19: =DATEDIF(L19,TODAY(),"Y") -> 46 | N19: 驾驶员
A20: 42628 | B20: 43665 | C20: - | D20: =B20-A20 -> 1037 | E20: 天宫二号 | F20: TG-2 | G20: - | H20: - | I20: - | J20: - | K20: - | L20: - | M20: - | N20: -
A21: 42660 | B21: 42692 | C21: 北纬042°29'11.07" 东经112°42'57.36" | D21: =B21-A21 -> 32 | E21: 神舟十一号 | F21: SZ-11 | G21: 景海鹏 | H21: Jing Haipeng | I21: 1998 | J21: 1 | K21: 6 | L21: =L11 -> 24404 | M21: =DATEDIF(L21,TODAY(),"Y") -> 59 | N21: 驾驶员
A22: 42660 | B22: 42692 | D22: =B22-A22 -> 32 | E22: 神舟十一号 | F22: SZ-11 | G22: 陈冬 | H22: Chen Dong | I22: 2010 | J22: 2 | K22: 11 | L22: 28836 | M22: =DATEDIF(L22,TODAY(),"Y") -> 47 | N22: 驾驶员
A23: 42845 | B23: 43000 | C23: - | D23: =B23-A23 -> 155 | E23: 天舟一号 | F23: TZ-1 | G23: - | H23: - | I23: - | J23: - | K23: - | L23: - | M23: - | N23: -
A24: 44159 | B24: 44182 | C24: 北纬042°20'19" 东经111°26'20" | D24: =B24-A24 -> 23 | E24: 嫦娥五号 | F24: CE-5 | G24: - | H24: - | I24: - | J24: - | K24: - | L24: - | M24: - | N24: -
A25: 44315 | B25: 47968 | C25: - | D25: =MIN(B25-A25,TODAY()-A25) -> 1894 | E25: 天和核心舱 | F25: TH | G25: - | H25: - | I25: - | J25: - | K25: - | L25: - | M25: - | N25: -
A26: 44345 | B26: 44651 | C26: - | D26: =B26-A26 -> 306 | E26: 天舟二号 | F26: TZ-2 | G26: - | H26: - | I26: - | J26: - | K26: - | L26: - | M26: - | N26: -
A27: 44364 | B27: 44456 | C27: 北纬041°37'43" 东经100°04'28" | D27: =B27-A27 -> 92 | E27: 神舟十二号 | F27: SZ-12 | G27: 聂海胜 | H27: Nie Haisheng | I27: 1998 | J27: 1 | K27: 3 | L27: =L8 -> 23664 | M27: =DATEDIF(L27,TODAY(),"Y") -> 61 | N27: 驾驶员
A28: 44364 | B28: 44456 | D28: =B28-A28 -> 92 | E28: 神舟十二号 | F28: SZ-12 | G28: 刘伯明 | H28: Liu Boming | I28: 1998 | J28: 1 | K28: 5 | L28: =L10 -> 24367 | M28: =DATEDIF(L28,TODAY(),"Y") -> 59 | N28: 驾驶员
A29: 44364 | B29: 44456 | D29: =B29-A29 -> 92 | E29: 神舟十二号 | F29: SZ-12 | G29: 汤洪波 | H29: Tang hongbo | I29: 2010 | J29: 2 | K29: 12 | L29: 27668 | M29: =DATEDIF(L29,TODAY(),"Y") -> 50 | N29: 驾驶员
A30: 44469 | B30: 44769 | C30: - | D30: =B30-A30 -> 300 | E30: 天舟三号 | F30: TZ-3 | G30: - | H30: - | I30: - | J30: - | K30: - | L30: - | M30: - | N30: -
A31: 44485 | B31: 44667 | C31: 北纬041°39'13" 东经100°09'38" | D31: =B31-A31 -> 182 | E31: 神舟十三号 | F31: SZ-13 | G31: 翟志刚 | H31: Zhai Zhigang | I31: 1998 | J31: 1 | K31: 4 | L31: =L9 -> 24390 | M31: =DATEDIF(L31,TODAY(),"Y") -> 59 | N31: 驾驶员
A32: 44485 | B32: 44667 | D32: =B32-A32 -> 182 | E32: 神舟十三号 | F32: SZ-13 | G32: 王亚平(女) | H32: Wang Yaping(F) | I32: 2010 | J32: 2 | K32: 10 | L32: =L19 -> 29247 | M32: =DATEDIF(L32,TODAY(),"Y") -> 46 | N32: 驾驶员
A33: 44485 | B33: 44667 | D33: =B33-A33 -> 182 | E33: 神舟十三号 | F33: SZ-13 | G33: 叶光富 | H33: Ye Guangfu | I33: 2010 | J33: 2 | K33: 13 | L33: 29465 | M33: =DATEDIF(L33,TODAY(),"Y") -> 45 | N33: 驾驶员
A34: 44691 | B34: 44880 | C34: - | D34: =B34-A34 -> 189 | E34: 天舟四号 | F34: TZ-4 | G34: - | H34: - | I34: - | J34: - | K34: - | L34: - | M34: - | N34: -
A35: 44717 | B35: 44899 | C35: 北纬041°39'13" 东经100°03'11" | D35: =B35-A35 -> 182 | E35: 神舟十四号 | F35: SZ-14 | G35: 陈冬 | H35: Chen Dong | I35: 2010 | J35: 2 | K35: 11 | L35: =L22 -> 28836 | M35: =DATEDIF(L35,TODAY(),"Y") -> 47 | N35: 驾驶员
A36: 44717 | B36: 44899 | D36: =B36-A36 -> 182 | E36: 神舟十四号 | F36: SZ-14 | G36: 刘洋(女) | H36: Liu Yang(F) | I36: 2010 | J36: 2 | K36: 8 | L36: =L16 -> 28769 | M36: =DATEDIF(L36,TODAY(),"Y") -> 47 | N36: 驾驶员
A37: 44717 | B37: 44899 | D37: =B37-A37 -> 182 | E37: 神舟十四号 | F37: SZ-14 | G37: 蔡旭哲 | H37: Cai Xuzhe | I37: 2010 | J37: 2 | K37: 14 | L37: 27881 | M37: =DATEDIF(L37,TODAY(),"Y") -> 50 | N37: 驾驶员
A38: 44766 | B38: 48419 | C38: - | D38: =MIN(B38-A38,TODAY()-A38) -> 1443 | E38: 问天实验舱 | F38: WT | G38: - | H38: - | I38: - | J38: - | K38: - | L38: - | M38: - | N38: -
A39: 44858 | B39: 48511 | C39: - | D39: =MIN(B39-A39,TODAY()-A39) -> 1351 | E39: 梦天实验舱 | F39: MT | G39: - | H39: - | I39: - | J39: - | K39: - | L39: - | M39: - | N39: -
A40: 44868 | B40: 48521 | C40: - | D40: =MIN(B40-A40,TODAY()-A40) -> 1341 | E40: 空间站建成 | F40: KJZ | G40: - | H40: - | I40: - | J40: - | K40: - | L40: - | M40: - | N40: -
A41: 44877 | B41: 45181 | C41: - | D41: =B41-A41 -> 304 | E41: 天舟五号 | F41: TZ-5 | G41: - | H41: - | I41: - | J41: - | K41: - | L41: - | M41: - | N41: -
A42: 44894 | B42: 45081 | C42: 北纬041°38'07" 东经100°03'52" | D42: =B42-A42 -> 187 | E42: 神舟十五号 | F42: SZ-15 | G42: 费俊龙 | H42: Fei Junlong | I42: 1998 | J42: 1 | K42: 2 | L42: =L7 -> 23867 | M42: =DATEDIF(L42,TODAY(),"Y") -> 61 | N42: 驾驶员
A43: 44894 | B43: 45081 | D43: =B43-A43 -> 187 | E43: 神舟十五号 | F43: SZ-15 | G43: 邓清明 | H43: Deng Qingming | I43: 1998 | J43: 1 | K43: 15 | L43: 24182 | M43: =DATEDIF(L43,TODAY(),"Y") -> 60 | N43: 驾驶员
A44: 44894 | B44: 45081 | D44: =B44-A44 -> 187 | E44: 神舟十五号 | F44: SZ-15 | G44: 张陆 | H44: Zhang Lu | I44: 2010 | J44: 2 | K44: 16 | L44: 28065 | M44: =DATEDIF(L44,TODAY(),"Y") -> 49 | N44: 驾驶员
A45: 45056 | B45: 45310 | C45: - | D45: =B45-A45 -> 254 | E45: 天舟六号 | F45: TZ-6 | G45: - | H45: - | I45: - | J45: - | K45: - | L45: - | M45: - | N45: -
A46: 45076 | B46: 45230 | C46: 北纬041°38'32" 东经100°06'53" | D46: =B46-A46 -> 154 | E46: 神舟十六号 | F46: SZ-16 | G46: 景海鹏 | H46: Jing Haipeng | I46: 1998 | J46: 1 | K46: 6 | L46: =L11 -> 24404 | M46: =DATEDIF(L46,TODAY(),"Y") -> 59 | N46: 驾驶员
A47: 45076 | B47: 45230 | D47: =B47-A47 -> 154 | E47: 神舟十六号 | F47: SZ-16 | G47: 朱杨柱 | H47: Zhu Yangzhu | I47: 2020 | J47: 3 | K47: 17 | L47: 31656 | M47: =DATEDIF(L47,TODAY(),"Y") -> 39 | N47: 工程师
A48: 45076 | B48: 45230 | D48: =B48-A48 -> 154 | E48: 神舟十六号 | F48: SZ-16 | G48: 桂海潮 | H48: Gui Haichao | I48: 2020 | J48: 3 | K48: 18 | L48: 31717 | M48: =DATEDIF(L48,TODAY(),"Y") -> 39 | N48: 载荷家
A49: 45225 | B49: 45412 | C49: 北纬041°36'15" 东经100°04'08" | D49: =B49-A49 -> 187 | E49: 神舟十七号 | F49: SZ-17 | G49: 汤洪波 | H49: Tang hongbo | I49: 2010 | J49: 2 | K49: 12 | L49: =L29 -> 27668 | M49: =DATEDIF(L49,TODAY(),"Y") -> 50 | N49: 驾驶员
A50: 45225 | B50: 45412 | D50: =B50-A50 -> 187 | E50: 神舟十七号 | F50: SZ-17 | G50: 唐胜杰 | H50: Tang Shengjie | I50: 2020 | J50: 3 | K50: 19 | L50: 32843 | M50: =DATEDIF(L50,TODAY(),"Y") -> 36 | N50: 驾驶员 | P50: 总日数 | Q50: 在轨日数 | R50: 航天员 | S50: 发射日期 | T50: 着陆日期 | U50: 载人飞船 | V50: Ship | W50: 序号差
A51: 45225 | B51: 45412 | D51: =B51-A51 -> 187 | E51: 神舟十七号 | F51: SZ-17 | G51: 江新林 | H51: Jiang xinlin | I51: 2020 | J51: 3 | K51: 20 | L51: 32174 | M51: =DATEDIF(L51,TODAY(),"Y") -> 38 | N51: 驾驶员 | P51: =SUM(Q51:Q52) -> 16 | Q51: =MIN(T51-S51,TODAY()-S51) -> 13 | R51: 景海鹏 | S51: 41076 | T51: 41089 | U51: 神舟九号 | V51: SZ-9 | W51: =RIGHT(V51,1)-RIGHT(V52,1) -> 2
A52: 45308 | B52: 45613 | C52: - | D52: =MIN(B52-A52,TODAY()-A52) -> 305 | E52: 天舟七号 | F52: TZ-7 | G52: - | H52: - | I52: - | J52: - | K52: - | L52: - | M52: - | N52: - | Q52: =MIN(T52-S52,TODAY()-S52) -> 3 | R52: 景海鹏 | S52: 39716 | T52: 39719 | U52: 神舟七号 | V52: SZ-7
A53: 45407 | B53: 45600 | C53: 北纬041°37'49" 东经100°03'42" | D53: =B53-A53 -> 193 | E53: 神舟十八号 | F53: SZ-18 | G53: 叶光富 | H53: Ye Guangfu | I53: 2010 | J53: 2 | K53: 13 | L53: =L33 -> 29465 | M53: =DATEDIF(L53,TODAY(),"Y") -> 45 | N53: 驾驶员 | P53: =SUM(Q53:Q54) -> 95 | Q53: 92 | R53: 刘伯明 | S53: 44364 | T53: 44456 | U53: 神舟十二号 | V53: SZ-12 | W53: =RIGHT(V53,2)-RIGHT(V54,1) -> 5
A54: 45407 | B54: 45600 | D54: =B54-A54 -> 193 | E54: 神舟十八号 | F54: SZ-18 | G54: 李聪 | H54: Li Chong | I54: 2020 | J54: 3 | K54: 21 | L54: 32782 | M54: =DATEDIF(L54,TODAY(),"Y") -> 36 | N54: 驾驶员 | Q54: 3 | R54: 刘伯明 | S54: 39716 | T54: 39719 | U54: 神舟七号 | V54: SZ-7
A55: 45407 | B55: 45600 | D55: =B55-A55 -> 193 | E55: 神舟十八号 | F55: SZ-18 | G55: 李广苏 | H55: Li Guangsu | I55: 2020 | J55: 3 | K55: 22 | L55: 31959 | M55: =DATEDIF(L55,TODAY(),"Y") -> 39 | N55: 驾驶员 | P55: =SUM(Q55:Q57) -> 112 | Q55: 92 | R55: 聂海胜 | S55: 44364 | T55: 44456 | U55: 神舟十二号 | V55: SZ-12 | W55: =RIGHT(V55,2)-RIGHT(V56,2) -> 2
A56: 45415 | B56: 45468 | C56: 北纬042°20'19" 东经111°26'20" | D56: =B56-A56 -> 53 | E56: 嫦娥六号 | F56: CE-6 | G56: - | H56: - | I56: - | J56: - | K56: - | L56: - | M56: - | N56: - | Q56: 15 | S56: 41436 | T56: 41451 | U56: 神舟十号 | V56: SZ-10 | W56: =RIGHT(V56,2)-RIGHT(V57,1) -> 4
A57: 45595 | B57: 45777 | C57: 北纬041°12′48″ 东经101°04′15″ | D57: =MIN(B57-A57,TODAY()-A57) -> 182 | E57: 神舟十九号 | F57: SZ-19 | G57: 蔡旭哲 | H57: Cai Xuzhe | I57: 2010 | J57: 2 | K57: 14 | L57: =L37 -> 27881 | M57: =DATEDIF(L57,TODAY(),"Y") -> 50 | N57: 驾驶员 | Q57: 5 | S57: 38637 | T57: 38642 | U57: 神舟六号 | V57: SZ-6
A58: 45595 | B58: 45777 | D58: =MIN(B58-A58,TODAY()-A58) -> 182 | E58: 神舟十九号 | F58: SZ-19 | G58: 宋令东 | H58: Song Lingdong | I58: 2020 | J58: 3 | K58: 23 | L58: 33086 | M58: =DATEDIF(L58,TODAY(),"Y") -> 35 | N58: 驾驶员 | P58: =SUM(Q58:Q59) -> 185 | Q58: 182 | R58: 翟志刚 | S58: 44485 | T58: 44667 | U58: 神舟十三号 | V58: SZ-13 | W58: =RIGHT(V58,2)-RIGHT(V59,1) -> 6
A59: 45595 | B59: 45777 | D59: =MIN(B59-A59,TODAY()-A59) -> 182 | E59: 神舟十九号 | F59: SZ-19 | G59: 王浩泽(女) | H59: Wang Haoze(F) | I59: 2020 | J59: 3 | K59: 24 | L59: 32933 | M59: =DATEDIF(L59,TODAY(),"Y") -> 36 | N59: 工程师 | Q59: 3 | R59: 翟志刚 | S59: 39716 | T59: 39719 | U59: 神舟七号 | V59: SZ-7
A60: 45611 | B60: 45847 | C60: - | D60: =MIN(B60-A60,TODAY()-A60) -> 236 | E60: 天舟八号 | F60: TZ-8 | G60: - | H60: - | I60: - | J60: - | K60: - | L60: - | M60: - | N60: - | P60: =SUM(Q62:Q63) -> 186 | Q60: 154 | R60: 景海鹏 | S60: 45076 | T60: 45230 | U60: 神舟十六号 | V60: SZ-16 | W60: =RIGHT(V60,2)-RIGHT(V61,2) -> 5
A61: 45771 | B61: =乘组预测!H116 -> 45975 | D61: =MIN(B61-A61,TODAY()-A61) -> 204 | E61: 神舟二十号 | F61: SZ-20 | G61: 陈冬 | H61: Chen Dong | I61: 2010 | J61: 2 | K61: 11 | L61: =L35 -> 28836 | M61: =DATEDIF(L61,TODAY(),"Y") -> 47 | N61: 驾驶员 | Q61: 32 | S61: 42660 | T61: 42692 | U61: 神舟十一号 | V61: SZ-11 | W61: =RIGHT(V61,2)-RIGHT(V62,1) -> 2
A62: 45771 | B62: =B61 -> 45975 | D62: =MIN(B62-A62,TODAY()-A62) -> 204 | E62: 神舟二十号 | F62: SZ-20 | G62: 陈中瑞 | H62: Chen Zhongrui | I62: 2020 | J62: 3 | K62: 25 | L62: 30956 | M62: =DATEDIF(L62,TODAY(),"Y") -> 41 | N62: 驾驶员 | Q62: 154 | S62: 41066 | T62: 41079 | U62: 神舟九号 | V62: SZ-9 | W62: =RIGHT(V62,1)-RIGHT(V63,1) -> 3
A63: 45771 | B63: =B61 -> 45975 | D63: =MIN(B63-A63,TODAY()-A63) -> 204 | E63: 神舟二十号 | F63: SZ-20 | G63: 王杰 | H63: Wang Jie | I63: 2020 | J63: 3 | K63: 26 | L63: 32752 | M63: =DATEDIF(L63,TODAY(),"Y") -> 36 | N63: 工程师 | Q63: 32 | S63: 41076 | T63: 41089 | U63: 神舟六号 | V63: SZ-6
A64: =乘组预测!G117 -> 45975 | B64: 46041 | D64: =MIN(B64-A64,TODAY()-A64) -> 66 | E64: 神舟二十号 | F64: SZ-20 | G64: 无人 | H64: - | I64: - | J64: - | K64: - | L64: - | M64: - | N64: - | P64: =SUM(Q64:Q65) -> 192 | Q64: =T64-S64 -> 187 | R64: 费俊龙 | S64: 44894 | T64: 45081 | U64: 神舟十五号 | V64: SZ-15 | W64: =RIGHT(V64,2)-RIGHT(V65,1) -> 9
A65: 45853 | B65: 46149 | C65: - | D65: =MIN(B65-A65,TODAY()-A65) -> 296 | E65: 天舟九号 | F65: TZ-9 | G65: - | H65: - | I65: - | J65: - | K65: - | L65: - | M65: - | N65: - | Q65: =T65-S65 -> 5 | R65: 费俊龙 | S65: 38637 | T65: 38642 | U65: 神舟六号 | V65: SZ-6
A66: =乘组预测!G118 -> 45961 | B66: 45975 | D66: =MIN(B66-A66,TODAY()-A66) -> 14 | E66: 神舟廿一号 | F66: SZ-21 | G66: 张陆 | H66: Zhang Lu | I66: 2010 | J66: 2 | K66: 16 | L66: 28065 | M66: =DATEDIF(L66,TODAY(),"Y") -> 49 | N66: 驾驶员 | P66: =SUM(Q66:Q67) -> 195 | Q66: 182 | R66: 刘洋(女) | S66: 44717 | T66: 44899 | U66: 神舟十四号 | V66: SZ-14 | W66: =RIGHT(V66,2)-RIGHT(V67,2) -> 5
A67: =A66 -> 45961 | B67: 45975 | D67: =MIN(B67-A67,TODAY()-A67) -> 14 | E67: 神舟廿一号 | F67: SZ-21 | G67: 武飞 | H67: Wu Fei | I67: 2020 | J67: 3 | K67: 27 | L67: 34243 | M67: =DATEDIF(L67,TODAY(),"Y") -> 32 | N67: 工程师 | Q67: 13 | R67: 刘洋(女) | S67: 41076 | T67: 41089 | U67: 神舟九号 | V67: SZ-9
A68: =A66 -> 45961 | B68: 45975 | D68: =MIN(B68-A68,TODAY()-A68) -> 14 | E68: 神舟廿一号 | F68: SZ-21 | G68: 张洪章 | H68: Zhang Hongzhang | I68: 2020 | J68: 3 | K68: 28 | L68: 31503 | M68: =DATEDIF(L68,TODAY(),"Y") -> 40 | N68: 载荷家 | P68: =SUM(Q68:Q69) -> 197 | Q68: 182 | R68: 王亚平(女) | S68: 44485 | T68: 44667 | U68: 神舟十三号 | V68: SZ-13 | W68: =RIGHT(V68,2)-RIGHT(V69,2) -> 3
A69: 45975 | B69: 45975 | C69: 北纬041°40′04″ 东经100°03′17″ | D69: 0 | E69: 神舟廿一号 | F69: SZ-21 | G69: 陈冬 | H69: Chen Dong | I69: 2010 | J69: 2 | K69: 11 | L69: 28836 | M69: =DATEDIF(L69,TODAY(),"Y") -> 47 | N69: 驾驶员 | Q69: 15 | R69: 王亚平(女) | S69: 41436 | T69: 41451 | U69: 神舟十号 | V69: SZ-10
A70: =A69 -> 45975 | B70: =B69 -> 45975 | D70: 0 | E70: 神舟廿一号 | F70: SZ-21 | G70: 陈中瑞 | H70: Chen Zhongrui | I70: 2020 | J70: 3 | K70: 25 | L70: 30956 | M70: =DATEDIF(L70,TODAY(),"Y") -> 41 | N70: 驾驶员 | P70: =SUM(Q70:Q71) -> 214 | Q70: 182 | R70: 陈冬 | S70: 44717 | T70: 44899 | U70: 神舟十四号 | V70: SZ-14 | W70: =RIGHT(V70,2)-RIGHT(V71,2) -> 3
A71: =A69 -> 45975 | B71: =B69 -> 45975 | D71: 0 | E71: 神舟廿一号 | F71: SZ-21 | G71: 王杰 | H71: Wang Jie | I71: 2020 | J71: 3 | K71: 26 | L71: 32752 | M71: =DATEDIF(L71,TODAY(),"Y") -> 36 | N71: 工程师 | Q71: 32 | R71: 陈冬 | S71: 42660 | T71: 42692 | U71: 神舟十一号 | V71: SZ-11
A72: =乘组预测!G119 -> 45975 | B72: 45986 | D72: =MIN(B72-A72,TODAY()-A72) -> 11 | E72: 空间站 | F72: CSS | G72: 张陆 | H72: Zhang Lu | I72: 2010 | J72: 2 | K72: 16 | L72: 28065 | M72: =DATEDIF(L72,TODAY(),"Y") -> 49 | N72: 驾驶员 | P72: =SUM(Q72:Q73) -> 279 | Q72: 187 | R72: 汤洪波 | S72: 45225 | T72: 45412 | U72: 神舟十七号 | V72: SZ-17 | W72: =RIGHT(V72,2)-RIGHT(V73,2) -> 5
A73: =A72 -> 45975 | B73: 45986 | D73: =D72 -> 11 | E73: 空间站 | F73: CSS | G73: 武飞 | H73: Wu Fei | I73: 2020 | J73: 3 | K73: 27 | L73: 34243 | M73: =DATEDIF(L73,TODAY(),"Y") -> 32 | N73: 工程师 | Q73: 92 | R73: 汤洪波 | S73: 44364 | T73: 44456 | U73: 神舟十二号 | V73: SZ-12
A74: =A72 -> 45975 | B74: 45986 | D74: =D72 -> 11 | E74: 空间站 | F74: CSS | G74: 张洪章 | H74: Zhang Hongzhang | I74: 2020 | J74: 3 | K74: 28 | L74: 31503 | M74: =DATEDIF(L74,TODAY(),"Y") -> 40 | N74: 载荷家 | P74: =LEFT(Q74,3)+Q75 -> 364 | Q74: 182 | R74: 蔡旭哲 | S74: 45595 | T74: 45776 | U74: 神舟十九号 | V74: SZ-19 | W74: =RIGHT(V74,2)-RIGHT(V75,2) -> 5
A75: =乘组预测!G120 -> 45986 | B75: =乘组预测!H120 -> 46171 | D75: =MIN(B75-A75,TODAY()-A75) -> 185 | E75: 神舟廿二号 | F75: SZ-22 | G75: 张陆 | H75: Zhang Lu | I75: 2010 | J75: 2 | K75: 16 | L75: 28065 | M75: =DATEDIF(L75,TODAY(),"Y") -> 49 | N75: 驾驶员 | Q75: 182 | S75: 44717 | T75: 44899 | U75: 神舟十四号 | V75: SZ-14
A76: =A75 -> 45986 | B76: =B75 -> 46171 | D76: =D75 -> 185 | E76: 神舟廿二号 | F76: SZ-22 | G76: 武飞 | H76: Wu Fei | I76: 2020 | J76: 3 | K76: 27 | L76: 34243 | M76: =DATEDIF(L76,TODAY(),"Y") -> 32 | N76: 工程师 | P76: =Q77+Q76 -> 375 | Q76: 193 | R76: 叶光富 | S76: 45407 | T76: 45600 | U76: 神舟十八号 | V76: SZ-18 | W76: =RIGHT(V76,2)-RIGHT(V77,2) -> 5
A77: =A75 -> 45986 | B77: =B75 -> 46171 | D77: =D75 -> 185 | E77: 神舟廿二号 | F77: SZ-22 | G77: 张洪章 | H77: Zhang Hongzhang | I77: 2020 | J77: 3 | K77: 28 | L77: 31503 | M77: =DATEDIF(L77,TODAY(),"Y") -> 40 | N77: 载荷家 | Q77: =T77-S77 -> 182 | R77: 叶光富 | S77: 44485 | T77: 44667 | U77: 神舟十三号 | V77: SZ-13
A78: =乘组预测!G83 -> 46153 | B78: =乘组预测!H83 -> 46513 | C78: - | D78: =MIN(B78-A78,TODAY()-A78) -> 56 | E78: 天舟十号 | F78: TZ-10 | G78: - | H78: - | I78: - | J78: - | K78: - | L78: - | M78: - | N78: - | P78: =SUM(Q78:Q80) -> 397 | Q78: =T78-S78 -> 185 | R78: 张陆 | S78: =A75 -> 45986 | T78: =B75 -> 46171 | U78: 神舟廿二号 | V78: SZ-22 | W78: =RIGHT(V78,2)-RIGHT(V80,2) -> 7
A79: =乘组预测!G121 -> 46166 | B79: =乘组预测!H121 -> 46348 | D79: =MIN(B79-A79,TODAY()-A79) -> 43 | E79: 神舟廿三号 | F79: SZ-23 | G79: 朱杨柱 | H79: =_xlfn.XLOOKUP($G79,航天员!B:B,航天员!C:C) -> Zhu Yangzhu | I79: =_xlfn.XLOOKUP($G79,航天员!B:B,航天员!E:E) -> 2020 | J79: =_xlfn.XLOOKUP($G79,航天员!B:B,航天员!F:F) -> 3 | K79: =_xlfn.XLOOKUP($G79,航天员!B:B,航天员!A:A) -> 17 | L79: =_xlfn.XLOOKUP($G79,航天员!B:B,航天员!L:L) -> 31656 | M79: =DATEDIF(L79,TODAY(),"Y") -> 39 | N79: =_xlfn.XLOOKUP($G79,航天员!B:B,航天员!G:G) -> 工程师 | Q79: 25 | S79: 45975 | T79: 45986 | U79: 空间站 | V79: CSS
A80: =A79 -> 46166 | B80: =B79 -> 46348 | D80: =D79 -> 43 | E80: 神舟廿三号 | F80: SZ-23 | G80: 张志远 | H80: =_xlfn.XLOOKUP($G80,航天员!B:B,航天员!C:C) -> Zhang Zhiyuan | I80: =_xlfn.XLOOKUP($G80,航天员!B:B,航天员!E:E) -> 2020 | J80: =_xlfn.XLOOKUP($G80,航天员!B:B,航天员!F:F) -> 3 | K80: =_xlfn.XLOOKUP($G80,航天员!B:B,航天员!A:A) -> 29 | L80: =_xlfn.XLOOKUP($G80,航天员!B:B,航天员!L:L) -> 31564 | M80: =DATEDIF(L80,TODAY(),"Y") -> 40 | N80: =_xlfn.XLOOKUP($G80,航天员!B:B,航天员!G:G) -> 驾驶员 | Q80: 187 | S80: 44894 | T80: 45081 | U80: 神舟十五号 | V80: SZ-15
A81: =A80 -> 46166 | B81: =B80 -> 46348 | D81: =D79 -> 43 | E81: 神舟廿三号 | F81: SZ-23 | G81: 黎家盈(女) | H81: =_xlfn.XLOOKUP($G81,航天员!B:B,航天员!C:C) -> Li Jiaying(F) | I81: =_xlfn.XLOOKUP($G81,航天员!B:B,航天员!E:E) -> 2024 | J81: =_xlfn.XLOOKUP($G81,航天员!B:B,航天员!F:F) -> 4 | K81: =_xlfn.XLOOKUP($G81,航天员!B:B,航天员!A:A) -> 30 | L81: =_xlfn.XLOOKUP($G81,航天员!B:B,航天员!L:L) -> 30256 | M81: =DATEDIF(L81,TODAY(),"Y") -> 43 | N81: =_xlfn.XLOOKUP($G81,航天员!B:B,航天员!G:G) -> 载荷家 | P81: =Q82+Q83+Q81 -> 418 | Q81: 204 | R81: 陈冬 | S81: =A61 -> 45771 | T81: =B61 -> 45975 | U81: 神舟二十号 | V81: SZ-20 | W81: 6
A82: =B81 -> 46348 | B82: =B79 -> 46348 | D82: =MIN(B82-A82,TODAY()-A82) -> -139 | E82: 神舟廿三号 | F82: SZ-23 | G82: 胡拉姆(巴) | H82: =_xlfn.XLOOKUP($G82,航天员!B:B,航天员!C:C) -> Khurram Daud(P) | I82: =_xlfn.XLOOKUP($G82,航天员!B:B,航天员!E:E) -> 2026 | J82: =_xlfn.XLOOKUP($G82,航天员!B:B,航天员!F:F) -> 5 | K82: =_xlfn.XLOOKUP($G82,航天员!B:B,航天员!A:A) -> 32 | L82: =_xlfn.XLOOKUP($G82,航天员!B:B,航天员!L:L) -> 0 | M82: =DATEDIF(L82,TODAY(),"Y") -> 126 | N82: =_xlfn.XLOOKUP($G82,航天员!B:B,航天员!G:G) -> 载荷家 | Q82: 182 | S82: 44717 | T82: 44899 | U82: 神舟十四号 | V82: SZ-14 | W82: =RIGHT(V82,2)-RIGHT(V83,2) -> 3
A83: =乘组预测!G122 -> 46343 | B83: =乘组预测!H122 -> 46536 | D83: =MIN(B83-A83,TODAY()-A83) -> -134 | E83: 神舟廿四号 | F83: SZ-24 | H83: =_xlfn.XLOOKUP($G83,航天员!B:B,航天员!C:C) -> 0 | I83: =_xlfn.XLOOKUP($G83,航天员!B:B,航天员!E:E) -> 0 | J83: =_xlfn.XLOOKUP($G83,航天员!B:B,航天员!F:F) -> 0 | K83: =_xlfn.XLOOKUP($G83,航天员!B:B,航天员!A:A) -> 0 | L83: =_xlfn.XLOOKUP($G83,航天员!B:B,航天员!L:L) -> 0 | M83: =DATEDIF(L83,TODAY(),"Y") -> 126 | N83: =_xlfn.XLOOKUP($G83,航天员!B:B,航天员!G:G) -> 0 | Q83: 32 | S83: 42660 | T83: 42692 | U83: 神舟十一号 | V83: SZ-11
A84: =A83 -> 46343 | B84: =B83 -> 46536 | D84: =D83 -> -134 | E84: 神舟廿四号 | F84: SZ-24 | G84: 乙某某 | J84: =_xlfn.XLOOKUP($G84,航天员!B:B,航天员!F:F) -> 3 | K84: =_xlfn.XLOOKUP($G84,航天员!B:B,航天员!A:A) -> 31 | L84: =_xlfn.XLOOKUP($G84,航天员!B:B,航天员!L:L) -> 0 | M84: =DATEDIF(L84,TODAY(),"Y") -> 126 | N84: =_xlfn.XLOOKUP($G84,航天员!B:B,航天员!G:G) -> 驾驶员 | P84: =Q85+Q84 -> 197 | Q84: =IF(TODAY()<B79,TODAY()-A79,B79-A79) -> 43 | R84: 朱杨柱 | S84: 46166 | T84: 46348 | U84: 神舟廿三号 | V84: SZ-23 | W84: =RIGHT(V84,2)-RIGHT(V85,2) -> 7
A85: =A83 -> 46343 | B85: =B84 -> 46536 | D85: =D84 -> -134 | E85: 神舟廿四号 | F85: SZ-24 | G85: 穆罕默德(巴) | H85: =_xlfn.XLOOKUP($G85,航天员!B:B,航天员!C:C) -> Muhammad Zeeshan Ali(P) | I85: =_xlfn.XLOOKUP($G85,航天员!B:B,航天员!E:E) -> 2026 | J85: =_xlfn.XLOOKUP($G85,航天员!B:B,航天员!F:F) -> 5 | K85: =_xlfn.XLOOKUP($G85,航天员!B:B,航天员!A:A) -> 33 | L85: =_xlfn.XLOOKUP($G85,航天员!B:B,航天员!L:L) -> 0 | M85: =DATEDIF(L85,TODAY(),"Y") -> 126 | N85: =_xlfn.XLOOKUP($G85,航天员!B:B,航天员!G:G) -> 载荷家 | Q85: =T85-S85 -> 154 | R85: 叶光富 | S85: 45076 | T85: 45230 | U85: 神舟十六号 | V85: SZ-16
A86: =B80 -> 46348 | B86: =B83 -> 46536 | D86: =MIN(B86-A86,TODAY()-A86) -> -139 | E86: 神舟廿四号 | F86: SZ-24 | H86: =_xlfn.XLOOKUP($G86,航天员!B:B,航天员!C:C) -> 0 | I86: =_xlfn.XLOOKUP($G86,航天员!B:B,航天员!E:E) -> 0 | J86: =_xlfn.XLOOKUP($G86,航天员!B:B,航天员!F:F) -> 0 | K86: =_xlfn.XLOOKUP($G86,航天员!B:B,航天员!A:A) -> 0 | L86: =_xlfn.XLOOKUP($G86,航天员!B:B,航天员!L:L) -> 0 | M86: =DATEDIF(L86,TODAY(),"Y") -> 126 | N86: =_xlfn.XLOOKUP($G86,航天员!B:B,航天员!G:G) -> 0

Sheet 出舱
A1: 出舱次数 | B1: 出舱日期 | C1: 飞船 | D1: 航天员 | E1: 出舱 | F1: 出舱时间 | G1: 出舱段
A2: 1 | B2: 39718 | C2: 神舟七号 | D2: 翟志刚 | E2: 1
B3: 39718 | C3: 神舟七号 | D3: 刘伯明 | E3: 1
A4: 2 | B4: 44381 | C4: 神舟十二号 | D4: 刘伯明 | E4: 1 | F4: 0.28194444 | G4: 天和核心舱
B5: 44381 | C5: 神舟十二号 | D5: 汤洪波 | E5: 1 | F5: 0.28194444 | G5: 天和核心舱
A6: 3 | B6: 44428 | C6: 神舟十二号 | D6: 聂海胜 | E6: 1 | F6: 0.24652778 | G6: 天和核心舱
B7: 44428 | C7: 神舟十二号 | D7: 刘伯明 | E7: 1 | F7: 0.24652778 | G7: 天和核心舱
A8: 4 | B8: 44507 | C8: 神舟十三号 | D8: 翟志刚 | E8: 1 | F8: 0.26736111 | G8: 天和核心舱
B9: 44507 | C9: 神舟十三号 | D9: 王亚平(女) | E9: 1 | F9: 0.26736111 | G9: 天和核心舱
A10: 5 | B10: 44556 | C10: 神舟十三号 | D10: 翟志刚 | E10: 1 | F10: 0.25763889 | G10: 天和核心舱
B11: 44556 | C11: 神舟十三号 | D11: 叶光富 | E11: 1 | F11: 0.25763889 | G11: 天和核心舱
A12: 6 | B12: 44805 | C12: 神舟十四号 | D12: 陈冬 | E12: 1 | F12: 0.25486111 | G12: 问天实验舱
B13: 44805 | C13: 神舟十四号 | D13: 刘洋(女) | E13: 1 | F13: 0.25486111 | G13: 问天实验舱
A14: 7 | B14: 44821 | C14: 神舟十四号 | D14: 陈冬 | E14: 1 | F14: 0.175 | G14: 问天实验舱
B15: 44821 | C15: 神舟十四号 | D15: 蔡旭哲 | E15: 1 | F15: 0.175 | G15: 问天实验舱
A16: 8 | B16: 44882 | C16: 神舟十四号 | D16: 陈冬 | E16: 1 | F16: 0.23194444 | G16: 问天实验舱
B17: 44882 | C17: 神舟十四号 | D17: 蔡旭哲 | E17: 1 | F17: 0.23194444 | G17: 问天实验舱
A18: 9 | B18: 44966 | C18: 神舟十五号 | D18: 费俊龙 | E18: 1 | F18: 0.29583333 | G18: 问天实验舱
B19: 44966 | C19: 神舟十五号 | D19: 张陆 | E19: 1 | F19: 0.29583333 | G19: 问天实验舱
A20: 10 | B20: 44985 | C20: 神舟十五号 | D20: 费俊龙 | E20: 1 | G20: 问天实验舱
B21: 44985 | C21: 神舟十五号 | D21: 张陆 | E21: 1 | G21: 问天实验舱
A22: 11 | B22: 45015 | C22: 神舟十五号 | D22: 费俊龙 | E22: 1 | G22: 问天实验舱
B23: 45015 | C23: 神舟十五号 | D23: 张陆 | E23: 1 | G23: 问天实验舱
A24: 12 | B24: 45031 | C24: 神舟十五号 | D24: 费俊龙 | E24: 1 | G24: 问天实验舱
B25: 45031 | C25: 神舟十五号 | D25: 张陆 | E25: 1 | G25: 问天实验舱
A26: 13 | B26: 45127 | C26: 神舟十六号 | D26: 景海鹏 | E26: 1 | F26: 0.32986111 | G26: 问天实验舱
B27: 45127 | C27: 神舟十六号 | D27: 朱杨柱 | E27: 1 | F27: 0.32986111 | G27: 问天实验舱
A28: 14 | B28: 45281 | C28: 神舟十七号 | D28: 汤洪波 | E28: 1 | F28: 0.30902778 | G28: 问天实验舱
B29: 45281 | C29: 神舟十七号 | D29: 唐胜杰 | E29: 1 | F29: 0.30902778 | G29: 问天实验舱
A30: 15 | B30: 45353 | C30: 神舟十七号 | D30: 汤洪波 | E30: 1 | F30: 0.32777778 | G30: 问天实验舱
B31: 45353 | C31: 神舟十七号 | D31: 江新林 | E31: 1 | F31: 0.32777778 | G31: 问天实验舱
A32: 16 | B32: 45440 | C32: 神舟十八号 | D32: 叶光富 | E32: 1 | F32: 0.34930556 | G32: 问天实验舱
B33: 45440 | C33: 神舟十八号 | D33: 李广苏 | E33: 1 | F33: 0.34930556 | G33: 问天实验舱
A34: 17 | B34: 45476 | C34: 神舟十八号 | D34: 叶光富 | E34: 1 | F34: 0.27222222 | G34: 问天实验舱
B35: 45476 | C35: 神舟十八号 | D35: 李聪 | E35: 1 | F35: 0.27222222 | G35: 问天实验舱
A36: 18 | B36: 45643 | C36: 神舟十九号 | D36: 蔡旭哲 | E36: 1 | F36: 0.37916667 | G36: 问天实验舱
B37: 45643 | C37: 神舟十九号 | D37: 宋令东 | E37: 1 | F37: 0.37916667 | G37: 问天实验舱
A38: 19 | B38: 45677 | C38: 神舟十九号 | D38: 蔡旭哲 | E38: 1 | F38: 0.34513889 | G38: 问天实验舱
B39: 45677 | C39: 神舟十九号 | D39: 宋令东 | E39: 1 | F39: 0.34513889 | G39: 问天实验舱
A40: 20 | B40: 45737 | C40: 神舟十九号 | D40: 蔡旭哲 | E40: 1 | F40: 0.29513889 | G40: 问天实验舱
B41: 45737 | C41: 神舟十九号 | D41: 宋令东 | E41: 1 | F41: 0.29513889 | G41: 问天实验舱
A42: 21 | B42: 45799 | C42: 神舟二十号 | D42: 陈冬 | E42: 1 | F42: 7小时59分 | G42: 问天实验舱
B43: 45799 | C43: 神舟二十号 | D43: 陈中瑞 | E43: 1 | F43: 4小时37分 | G43: 问天实验舱
A44: 22 | B44: 45834 | C44: 神舟二十号 | D44: 陈冬 | E44: 1 | F44: 6小时30分 | G44: 问天实验舱
B45: 45834 | C45: 神舟二十号 | D45: 陈中瑞 | E45: 1 | F45: 6小时30分 | G45: 问天实验舱
A46: 23 | B46: 45884 | C46: 神舟二十号 | D46: 陈冬 | E46: 1 | F46: 6小时30分 | G46: 问天实验舱
B47: 45884 | C47: 神舟二十号 | D47: 王杰 | E47: 1 | F47: 6小时30分 | G47: 问天实验舱
A48: 24 | B48: 45926 | C48: 神舟二十号 | D48: 陈中瑞 | E48: 1 | F48: 6小时00分 | G48: 问天实验舱
B49: 45926 | C49: 神舟二十号 | D49: 王杰 | E49: 1 | F49: 6小时00分 | G49: 问天实验舱
A50: 25 | B50: 46000 | C50: 神舟廿一号 | D50: 张陆 | E50: 1 | F50: 8小时00分 | G50: 问天实验舱
B51: 46000 | C51: 神舟廿一号 | D51: 武飞 | E51: 1 | F51: 8小时00分 | G51: 问天实验舱
A52: 26 | B52: 46097 | C52: 神舟廿一号 | D52: 张陆 | E52: 1 | F52: 7小时00分 | G52: 问天实验舱
B53: 46097 | C53: 神舟廿一号 | D53: 武飞 | E53: 1 | F53: 7小时00分 | G53: 问天实验舱
A54: 27 | B54: 46129 | C54: 神舟廿一号 | D54: 张陆 | E54: 1 | F54: 5小时30分 | G54: 问天实验舱
B55: 46129 | C55: 神舟廿一号 | D55: 武飞 | E55: 1 | F55: 5小时30分 | G55: 问天实验舱
A56: 28 | C56: 神舟廿三号 | D56: 朱杨柱 | G56: 问天实验舱
C57: 神舟廿三号 | D57: 张志远 | G57: 问天实验舱
A58: 29 | G58: 问天实验舱
G59: 问天实验舱
A60: 30 | G60: 问天实验舱
G61: 问天实验舱

Sheet 年間統計
A1: =CONCATENATE("截止",YEAR(TODAY()),"年",MONTH(TODAY()),"月",DAY(TODAY()),"日") -> 截止2026年7月6日
A2: 年份 | B2: 长征运载火箭逐年发射成败统计 | H2: 非长征运载火箭逐年发射成败统计 | N2: 中国运载火箭逐年发射成败统计
B3: 年计 发射次 | C3: 年计 成功次 | D3: 年计 成功率 | E3: 累计 发射次 | F3: 累计 成功次 | G3: 累计 成功率 | H3: 年计 发射次 | I3: 年计 成功次 | J3: 年计 成功率 | K3: 累计 发射次 | L3: 累计 成功次 | M3: 累计 成功率 | N3: 年计 发射次 | O3: 年计 成功次 | P3: 年计 成功率 | Q3: 累计 发射次 | R3: 累计 成功次 | S3: 累计 成功率
A4: 25569 | B4: 1 | C4: 1 | D4: 1 | E4: 1 | F4: 1 | G4: 1 | H4: 0 | I4: 0 | J4: - | K4: 0 | L4: 0 | M4: - | N4: 1 | O4: 1 | P4: 1 | Q4: 1 | R4: 1 | S4: 1
A5: 25934 | B5: =COUNTIFS(发射纪录!B:B,"<>-",发射纪录!G:G,">="&DATE(YEAR(A5),1,1),发射纪录!G:G,"<="&DATE(YEAR(A5),12,31),发射纪录!N:N,"<>") -> 1 | C5: =COUNTIFS(发射纪录!B:B,"<>-",发射纪录!G:G,">="&DATE(YEAR(A5),1,1),发射纪录!G:G,"<="&DATE(YEAR(A5),12,31),发射纪录!N:N,"=成功",发射纪录!N:N,"<>") -> 1 | D5: 1 | E5: =E4+B5 -> 2 | F5: =F4+C5 -> 2 | G5: =IF(E5=0,"-",F5/E5) -> 1 | H5: =COUNTIFS(发射纪录!C:C,"<>-",发射纪录!G:G,">="&DATE(YEAR(A5),1,1),发射纪录!G:G,"<="&DATE(YEAR(A5),12,31),发射纪录!N:N,"<>") -> 0 | I5: =COUNTIFS(发射纪录!C:C,"<>-",发射纪录!G:G,">="&DATE(YEAR(A5),1,1),发射纪录!G:G,"<="&DATE(YEAR(A5),12,31),发射纪录!N:N,"=成功",发射纪录!N:N,"<>") -> 0 | J5: =IF(H5=0,"-",I5/H5) -> - | K5: =K4+H5 -> 0 | L5: =L4+I5 -> 0 | M5: =IF(K5=0,"-",L5/K5) -> - | N5: =B5+H5 -> 1 | O5: =C5+I5 -> 1 | P5: =IF(N5=0,"-",O5/N5) -> 1 | Q5: =Q4+N5 -> 2 | R5: =R4+O5 -> 2 | S5: =IF(Q5=0,"-",R5/Q5) -> 1
A6: 26299 | B6: =COUNTIFS(发射纪录!B:B,"<>-",发射纪录!G:G,">="&DATE(YEAR(A6),1,1),发射纪录!G:G,"<="&DATE(YEAR(A6),12,31),发射纪录!N:N,"<>") -> 0 | C6: =COUNTIFS(发射纪录!B:B,"<>-",发射纪录!G:G,">="&DATE(YEAR(A6),1,1),发射纪录!G:G,"<="&DATE(YEAR(A6),12,31),发射纪录!N:N,"=成功",发射纪录!N:N,"<>") -> 0 | D6: =IF(B6=0,"-",C6/B6) -> - | E6: =E5+B6 -> 2 | F6: =F5+C6 -> 2 | G6: =IF(E6=0,"-",F6/E6) -> 1 | H6: =COUNTIFS(发射纪录!C:C,"<>-",发射纪录!G:G,">="&DATE(YEAR(A6),1,1),发射纪录!G:G,"<="&DATE(YEAR(A6),12,31),发射纪录!N:N,"<>") -> 0 | I6: =COUNTIFS(发射纪录!C:C,"<>-",发射纪录!G:G,">="&DATE(YEAR(A6),1,1),发射纪录!G:G,"<="&DATE(YEAR(A6),12,31),发射纪录!N:N,"=成功",发射纪录!N:N,"<>") -> 0 | J6: =IF(H6=0,"-",I6/H6) -> - | K6: =K5+H6 -> 0 | L6: =L5+I6 -> 0 | M6: =IF(K6=0,"-",L6/K6) -> - | N6: =B6+H6 -> 0 | O6: =C6+I6 -> 0 | P6: =IF(N6=0,"-",O6/N6) -> - | Q6: =Q5+N6 -> 2 | R6: =R5+O6 -> 2 | S6: =IF(Q6=0,"-",R6/Q6) -> 1
A7: 26665 | B7: =COUNTIFS(发射纪录!B:B,"<>-",发射纪录!G:G,">="&DATE(YEAR(A7),1,1),发射纪录!G:G,"<="&DATE(YEAR(A7),12,31),发射纪录!N:N,"<>") -> 0 | C7: =COUNTIFS(发射纪录!B:B,"<>-",发射纪录!G:G,">="&DATE(YEAR(A7),1,1),发射纪录!G:G,"<="&DATE(YEAR(A7),12,31),发射纪录!N:N,"=成功",发射纪录!N:N,"<>") -> 0 | D7: =IF(B7=0,"-",C7/B7) -> - | E7: =E6+B7 -> 2 | F7: =F6+C7 -> 2 | G7: =IF(E7=0,"-",F7/E7) -> 1 | H7: =COUNTIFS(发射纪录!C:C,"<>-",发射纪录!G:G,">="&DATE(YEAR(A7),1,1),发射纪录!G:G,"<="&DATE(YEAR(A7),12,31),发射纪录!N:N,"<>") -> 1 | I7: =COUNTIFS(发射纪录!C:C,"<>-",发射纪录!G:G,">="&DATE(YEAR(A7),1,1),发射纪录!G:G,"<="&DATE(YEAR(A7),12,31),发射纪录!N:N,"=成功",发射纪录!N:N,"<>") -> 0 | J7: =IF(H7=0,"-",I7/H7) -> 0 | K7: =K6+H7 -> 1 | L7: =L6+I7 -> 0 | M7: =IF(K7=0,"-",L7/K7) -> 0 | N7: =B7+H7 -> 1 | O7: =C7+I7 -> 0 | P7: =IF(N7=0,"-",O7/N7) -> 0 | Q7: =Q6+N7 -> 3 | R7: =R6+O7 -> 2 | S7: =IF(Q7=0,"-",R7/Q7) -> 0.66666667
A8: 27030 | B8: =COUNTIFS(发射纪录!B:B,"<>-",发射纪录!G:G,">="&DATE(YEAR(A8),1,1),发射纪录!G:G,"<="&DATE(YEAR(A8),12,31),发射纪录!N:N,"<>") -> 1 | C8: =COUNTIFS(发射纪录!B:B,"<>-",发射纪录!G:G,">="&DATE(YEAR(A8),1,1),发射纪录!G:G,"<="&DATE(YEAR(A8),12,31),发射纪录!N:N,"=成功",发射纪录!N:N,"<>") -> 0 | D8: =IF(B8=0,"-",C8/B8) -> 0 | E8: =E7+B8 -> 3 | F8: =F7+C8 -> 2 | G8: =IF(E8=0,"-",F8/E8) -> 0.66666667 | H8: =COUNTIFS(发射纪录!C:C,"<>-",发射纪录!G:G,">="&DATE(YEAR(A8),1,1),发射纪录!G:G,"<="&DATE(YEAR(A8),12,31),发射纪录!N:N,"<>") -> 1 | I8: =COUNTIFS(发射纪录!C:C,"<>-",发射纪录!G:G,">="&DATE(YEAR(A8),1,1),发射纪录!G:G,"<="&DATE(YEAR(A8),12,31),发射纪录!N:N,"=成功",发射纪录!N:N,"<>") -> 0 | J8: =IF(H8=0,"-",I8/H8) -> 0 | K8: =K7+H8 -> 2 | L8: =L7+I8 -> 0 | M8: =IF(K8=0,"-",L8/K8) -> 0 | N8: =B8+H8 -> 2 | O8: =C8+I8 -> 0 | P8: =IF(N8=0,"-",O8/N8) -> 0 | Q8: =Q7+N8 -> 5 | R8: =R7+O8 -> 2 | S8: =IF(Q8=0,"-",R8/Q8) -> 0.4
A9: 27395 | B9: =COUNTIFS(发射纪录!B:B,"<>-",发射纪录!G:G,">="&DATE(YEAR(A9),1,1),发射纪录!G:G,"<="&DATE(YEAR(A9),12,31),发射纪录!N:N,"<>") -> 1 | C9: =COUNTIFS(发射纪录!B:B,"<>-",发射纪录!G:G,">="&DATE(YEAR(A9),1,1),发射纪录!G:G,"<="&DATE(YEAR(A9),12,31),发射纪录!N:N,"=成功",发射纪录!N:N,"<>") -> 1 | D9: 1 | E9: =E8+B9 -> 4 | F9: =F8+C9 -> 3 | G9: =IF(E9=0,"-",F9/E9) -> 0.75 | H9: =COUNTIFS(发射纪录!C:C,"<>-",发射纪录!G:G,">="&DATE(YEAR(A9),1,1),发射纪录!G:G,"<="&DATE(YEAR(A9),12,31),发射纪录!N:N,"<>") -> 2 | I9: =COUNTIFS(发射纪录!C:C,"<>-",发射纪录!G:G,">="&DATE(YEAR(A9),1,1),发射纪录!G:G,"<="&DATE(YEAR(A9),12,31),发射纪录!N:N,"=成功",发射纪录!N:N,"<>") -> 2 | J9: =IF(H9=0,"-",I9/H9) -> 1 | K9: =K8+H9 -> 4 | L9: =L8+I9 -> 2 | M9: =IF(K9=0,"-",L9/K9) -> 0.5 | N9: =B9+H9 -> 3 | O9: =C9+I9 -> 3 | P9: =IF(N9=0,"-",O9/N9) -> 1 | Q9: =Q8+N9 -> 8 | R9: =R8+O9 -> 5 | S9: =IF(Q9=0,"-",R9/Q9) -> 0.625
A10: 27760 | B10: =COUNTIFS(发射纪录!B:B,"<>-",发射纪录!G:G,">="&DATE(YEAR(A10),1,1),发射纪录!G:G,"<="&DATE(YEAR(A10),12,31),发射纪录!N:N,"<>") -> 1 | C10: =COUNTIFS(发射纪录!B:B,"<>-",发射纪录!G:G,">="&DATE(YEAR(A10),1,1),发射纪录!G:G,"<="&DATE(YEAR(A10),12,31),发射纪录!N:N,"=成功",发射纪录!N:N,"<>") -> 1 | D10: 1 | E10: =E9+B10 -> 5 | F10: =F9+C10 -> 4 | G10: =IF(E10=0,"-",F10/E10) -> 0.8 | H10: =COUNTIFS(发射纪录!C:C,"<>-",发射纪录!G:G,">="&DATE(YEAR(A10),1,1),发射纪录!G:G,"<="&DATE(YEAR(A10),12,31),发射纪录!N:N,"<>") -> 2 | I10: =COUNTIFS(发射纪录!C:C,"<>-",发射纪录!G:G,">="&DATE(YEAR(A10),1,1),发射纪录!G:G,"<="&DATE(YEAR(A10),12,31),发射纪录!N:N,"=成功",发射纪录!N:N,"<>") -> 1 | J10: =IF(H10=0,"-",I10/H10) -> 0.5 | K10: =K9+H10 -> 6 | L10: =L9+I10 -> 3 | M10: =IF(K10=0,"-",L10/K10) -> 0.5 | N10: =B10+H10 -> 3 | O10: =C10+I10 -> 2 | P10: =IF(N10=0,"-",O10/N10) -> 0.66666667 | Q10: =Q9+N10 -> 11 | R10: =R9+O10 -> 7 | S10: =IF(Q10=0,"-",R10/Q10) -> 0.63636364
A11: 28126 | B11: =COUNTIFS(发射纪录!B:B,"<>-",发射纪录!G:G,">="&DATE(YEAR(A11),1,1),发射纪录!G:G,"<="&DATE(YEAR(A11),12,31),发射纪录!N:N,"<>") -> 0 | C11: =COUNTIFS(发射纪录!B:B,"<>-",发射纪录!G:G,">="&DATE(YEAR(A11),1,1),发射纪录!G:G,"<="&DATE(YEAR(A11),12,31),发射纪录!N:N,"=成功",发射纪录!N:N,"<>") -> 0 | D11: =IF(B11=0,"-",C11/B11) -> - | E11: =E10+B11 -> 5 | F11: =F10+C11 -> 4 | G11: =IF(E11=0,"-",F11/E11) -> 0.8 | H11: =COUNTIFS(发射纪录!C:C,"<>-",发射纪录!G:G,">="&DATE(YEAR(A11),1,1),发射纪录!G:G,"<="&DATE(YEAR(A11),12,31),发射纪录!N:N,"<>") -> 0 | I11: =COUNTIFS(发射纪录!C:C,"<>-",发射纪录!G:G,">="&DATE(YEAR(A11),1,1),发射纪录!G:G,"<="&DATE(YEAR(A11),12,31),发射纪录!N:N,"=成功",发射纪录!N:N,"<>") -> 0 | J11: =IF(H11=0,"-",I11/H11) -> - | K11: =K10+H11 -> 6 | L11: =L10+I11 -> 3 | M11: =IF(K11=0,"-",L11/K11) -> 0.5 | N11: =B11+H11 -> 0 | O11: =C11+I11 -> 0 | P11: =IF(N11=0,"-",O11/N11) -> - | Q11: =Q10+N11 -> 11 | R11: =R10+O11 -> 7 | S11: =IF(Q11=0,"-",R11/Q11) -> 0.63636364
A12: 28491 | B12: =COUNTIFS(发射纪录!B:B,"<>-",发射纪录!G:G,">="&DATE(YEAR(A12),1,1),发射纪录!G:G,"<="&DATE(YEAR(A12),12,31),发射纪录!N:N,"<>") -> 1 | C12: =COUNTIFS(发射纪录!B:B,"<>-",发射纪录!G:G,">="&DATE(YEAR(A12),1,1),发射纪录!G:G,"<="&DATE(YEAR(A12),12,31),发射纪录!N:N,"=成功",发射纪录!N:N,"<>") -> 1 | D12: 1 | E12: =E11+B12 -> 6 | F12: =F11+C12 -> 5 | G12: =IF(E12=0,"-",F12/E12) -> 0.83333333 | H12: =COUNTIFS(发射纪录!C:C,"<>-",发射纪录!G:G,">="&DATE(YEAR(A12),1,1),发射纪录!G:G,"<="&DATE(YEAR(A12),12,31),发射纪录!N:N,"<>") -> 0 | I12: =COUNTIFS(发射纪录!C:C,"<>-",发射纪录!G:G,">="&DATE(YEAR(A12),1,1),发射纪录!G:G,"<="&DATE(YEAR(A12),12,31),发射纪录!N:N,"=成功",发射纪录!N:N,"<>") -> 0 | J12: =IF(H12=0,"-",I12/H12) -> - | K12: =K11+H12 -> 6 | L12: =L11+I12 -> 3 | M12: =IF(K12=0,"-",L12/K12) -> 0.5 | N12: =B12+H12 -> 1 | O12: =C12+I12 -> 1 | P12: =IF(N12=0,"-",O12/N12) -> 1 | Q12: =Q11+N12 -> 12 | R12: =R11+O12 -> 8 | S12: =IF(Q12=0,"-",R12/Q12) -> 0.66666667
A13: 28856 | B13: =COUNTIFS(发射纪录!B:B,"<>-",发射纪录!G:G,">="&DATE(YEAR(A13),1,1),发射纪录!G:G,"<="&DATE(YEAR(A13),12,31),发射纪录!N:N,"<>") -> 0 | C13: =COUNTIFS(发射纪录!B:B,"<>-",发射纪录!G:G,">="&DATE(YEAR(A13),1,1),发射纪录!G:G,"<="&DATE(YEAR(A13),12,31),发射纪录!N:N,"=成功",发射纪录!N:N,"<>") -> 0 | D13: =IF(B13=0,"-",C13/B13) -> - | E13: =E12+B13 -> 6 | F13: =F12+C13 -> 5 | G13: =IF(E13=0,"-",F13/E13) -> 0.83333333 | H13: =COUNTIFS(发射纪录!C:C,"<>-",发射纪录!G:G,">="&DATE(YEAR(A13),1,1),发射纪录!G:G,"<="&DATE(YEAR(A13),12,31),发射纪录!N:N,"<>") -> 1 | I13: =COUNTIFS(发射纪录!C:C,"<>-",发射纪录!G:G,">="&DATE(YEAR(A13),1,1),发射纪录!G:G,"<="&DATE(YEAR(A13),12,31),发射纪录!N:N,"=成功",发射纪录!N:N,"<>") -> 0 | J13: =IF(H13=0,"-",I13/H13) -> 0 | K13: =K12+H13 -> 7 | L13: =L12+I13 -> 3 | M13: =IF(K13=0,"-",L13/K13) -> 0.42857143 | N13: =B13+H13 -> 1 | O13: =C13+I13 -> 0 | P13: =IF(N13=0,"-",O13/N13) -> 0 | Q13: =Q12+N13 -> 13 | R13: =R12+O13 -> 8 | S13: =IF(Q13=0,"-",R13/Q13) -> 0.61538462
A14: 29221 | B14: =COUNTIFS(发射纪录!B:B,"<>-",发射纪录!G:G,">="&DATE(YEAR(A14),1,1),发射纪录!G:G,"<="&DATE(YEAR(A14),12,31),发射纪录!N:N,"<>") -> 0 | C14: =COUNTIFS(发射纪录!B:B,"<>-",发射纪录!G:G,">="&DATE(YEAR(A14),1,1),发射纪录!G:G,"<="&DATE(YEAR(A14),12,31),发射纪录!N:N,"=成功",发射纪录!N:N,"<>") -> 0 | D14: =IF(B14=0,"-",C14/B14) -> - | E14: =E13+B14 -> 6 | F14: =F13+C14 -> 5 | G14: =IF(E14=0,"-",F14/E14) -> 0.83333333 | H14: =COUNTIFS(发射纪录!C:C,"<>-",发射纪录!G:G,">="&DATE(YEAR(A14),1,1),发射纪录!G:G,"<="&DATE(YEAR(A14),12,31),发射纪录!N:N,"<>") -> 0 | I14: =COUNTIFS(发射纪录!C:C,"<>-",发射纪录!G:G,">="&DATE(YEAR(A14),1,1),发射纪录!G:G,"<="&DATE(YEAR(A14),12,31),发射纪录!N:N,"=成功",发射纪录!N:N,"<>") -> 0 | J14: =IF(H14=0,"-",I14/H14) -> - | K14: =K13+H14 -> 7 | L14: =L13+I14 -> 3 | M14: =IF(K14=0,"-",L14/K14) -> 0.42857143 | N14: =B14+H14 -> 0 | O14: =C14+I14 -> 0 | P14: =IF(N14=0,"-",O14/N14) -> - | Q14: =Q13+N14 -> 13 | R14: =R13+O14 -> 8 | S14: =IF(Q14=0,"-",R14/Q14) -> 0.61538462
A15: 29587 | B15: =COUNTIFS(发射纪录!B:B,"<>-",发射纪录!G:G,">="&DATE(YEAR(A15),1,1),发射纪录!G:G,"<="&DATE(YEAR(A15),12,31),发射纪录!N:N,"<>") -> 0 | C15: =COUNTIFS(发射纪录!B:B,"<>-",发射纪录!G:G,">="&DATE(YEAR(A15),1,1),发射纪录!G:G,"<="&DATE(YEAR(A15),12,31),发射纪录!N:N,"=成功",发射纪录!N:N,"<>") -> 0 | D15: =IF(B15=0,"-",C15/B15) -> - | E15: =E14+B15 -> 6 | F15: =F14+C15 -> 5 | G15: =IF(E15=0,"-",F15/E15) -> 0.83333333 | H15: =COUNTIFS(发射纪录!C:C,"<>-",发射纪录!G:G,">="&DATE(YEAR(A15),1,1),发射纪录!G:G,"<="&DATE(YEAR(A15),12,31),发射纪录!N:N,"<>") -> 1 | I15: =COUNTIFS(发射纪录!C:C,"<>-",发射纪录!G:G,">="&DATE(YEAR(A15),1,1),发射纪录!G:G,"<="&DATE(YEAR(A15),12,31),发射纪录!N:N,"=成功",发射纪录!N:N,"<>") -> 1 | J15: =IF(H15=0,"-",I15/H15) -> 1 | K15: =K14+H15 -> 8 | L15: =L14+I15 -> 4 | M15: =IF(K15=0,"-",L15/K15) -> 0.5 | N15: =B15+H15 -> 1 | O15: =C15+I15 -> 1 | P15: =IF(N15=0,"-",O15/N15) -> 1 | Q15: =Q14+N15 -> 14 | R15: =R14+O15 -> 9 | S15: =IF(Q15=0,"-",R15/Q15) -> 0.64285714
A16: 29952 | B16: =COUNTIFS(发射纪录!B:B,"<>-",发射纪录!G:G,">="&DATE(YEAR(A16),1,1),发射纪录!G:G,"<="&DATE(YEAR(A16),12,31),发射纪录!N:N,"<>") -> 1 | C16: =COUNTIFS(发射纪录!B:B,"<>-",发射纪录!G:G,">="&DATE(YEAR(A16),1,1),发射纪录!G:G,"<="&DATE(YEAR(A16),12,31),发射纪录!N:N,"=成功",发射纪录!N:N,"<>") -> 1 | D16: 1 | E16: =E15+B16 -> 7 | F16: =F15+C16 -> 6 | G16: =IF(E16=0,"-",F16/E16) -> 0.85714286 | H16: =COUNTIFS(发射纪录!C:C,"<>-",发射纪录!G:G,">="&DATE(YEAR(A16),1,1),发射纪录!G:G,"<="&DATE(YEAR(A16),12,31),发射纪录!N:N,"<>") -> 0 | I16: =COUNTIFS(发射纪录!C:C,"<>-",发射纪录!G:G,">="&DATE(YEAR(A16),1,1),发射纪录!G:G,"<="&DATE(YEAR(A16),12,31),发射纪录!N:N,"=成功",发射纪录!N:N,"<>") -> 0 | J16: =IF(H16=0,"-",I16/H16) -> - | K16: =K15+H16 -> 8 | L16: =L15+I16 -> 4 | M16: =IF(K16=0,"-",L16/K16) -> 0.5 | N16: =B16+H16 -> 1 | O16: =C16+I16 -> 1 | P16: =IF(N16=0,"-",O16/N16) -> 1 | Q16: =Q15+N16 -> 15 | R16: =R15+O16 -> 10 | S16: =IF(Q16=0,"-",R16/Q16) -> 0.66666667
